scheme_code,scheme_name,category,scheme_type,fund_house
102987,ICICI Prudential Plan I - Year Plus Plan-Growth-Direct,Income,Close Ended Schemes,ICICI Prudential Mutual Fund
103490,Quantum Value Fund - Direct Plan Growth Option,Equity Scheme - Value Fund,Open Ended Schemes,Quantum Mutual Fund
103734,Quantum Liquid Fund - Direct Plan Growth Option,Debt Scheme - Liquid Fund,Open Ended Schemes,Quantum Mutual Fund
111549,Quantum ELSS Tax Saver Fund - Direct Plan Growth Option,Equity Scheme - ELSS,Open Ended Schemes,Quantum Mutual Fund
112039,Quantum Diversified Equity All Cap Active FOF - Direct Plan Growth Option,Other Scheme - FoF Domestic,Open Ended Schemes,Quantum Mutual Fund
115132,Quantum Gold Savings Fund - Direct Plan Growth Option,Other Scheme - FoF Domestic,Open Ended Schemes,Quantum Mutual Fund
116811,IDBI Dynamic Bond Fund Growth Direct,Debt Scheme - Dynamic Bond,Open Ended Schemes,IDBI Mutual Fund
117608,Quantum Multi Asset Active FOF - Direct Plan Growth Option,Other Scheme - FoF Domestic,Open Ended Schemes,Quantum Mutual Fund
118266,Canara Robeco Nifty Index-Direct Plan - Growth,Income,Open Ended Schemes,Canara Robeco Mutual Fund
118267,CANARA ROBECO INFRASTRUCTURE FUND - DIRECT PLAN - GROWTH OPTION,Equity Scheme - Sectoral/ Thematic,Open Ended Schemes,Canara Robeco Mutual Fund
118269,CANARA ROBECO LARGE CAP FUND - DIRECT PLAN - GROWTH OPTION,Equity Scheme - Large Cap Fund,Open Ended Schemes,Canara Robeco Mutual Fund
118272,CANARA ROBECO EQUITY HYBRID FUND - DIRECT PLAN - GROWTH OPTION,Hybrid Scheme - Aggressive Hybrid Fund,Open Ended Schemes,Canara Robeco Mutual Fund
118273,CANARA ROBECO CONSUMPTION FUND - DIRECT PLAN - GROWTH OPTION,Equity Scheme - Sectoral/ Thematic,Open Ended Schemes,Canara Robeco Mutual Fund
118275,CANARA ROBECO FLEXICAP FUND - DIRECT PLAN - GROWTH OPTION,Equity Scheme - Flexi Cap Fund,Open Ended Schemes,Canara Robeco Mutual Fund
118278,CANARA ROBECO LARGE AND MID CAP FUND - DIRECT PLAN - GROWTH OPTION,Equity Scheme - Large & Mid Cap Fund,Open Ended Schemes,Canara Robeco Mutual Fund
118282,CANARA ROBECO INCOME FUND - DIRECT PLAN - GROWTH OPTION,Debt Scheme - Medium to Long Duration Fund,Open Ended Schemes,Canara Robeco Mutual Fund
118284,CANARA ROBECO DYNAMIC BOND FUND - DIRECT PLAN - GROWTH OPTION,Debt Scheme - Dynamic Bond,Open Ended Schemes,Canara Robeco Mutual Fund
118285,CANARA ROBECO ELSS TAX SAVER - DIRECT PLAN - GROWTH OPTION,Equity Scheme - ELSS,Open Ended Schemes,Canara Robeco Mutual Fund
118291,CANARA ROBECO SAVINGS FUND - DIRECT PLAN - GROWTH OPTION,Debt Scheme - Low Duration Fund,Open Ended Schemes,Canara Robeco Mutual Fund
118297,Canara Robeco Gilt Advantage Fund - Direct Plan - Growth Option,Income,Open Ended Schemes,Canara Robeco Mutual Fund
118299,CANARA ROBECO GILT FUND - DIRECT PLAN - GROWTH OPTION,Debt Scheme - Gilt Fund,Open Ended Schemes,Canara Robeco Mutual Fund
118301,Canara Robeco Gold Savings Fund - Direct Plan - Growth Option,Other Scheme - FoF Domestic,Open Ended Schemes,Canara Robeco Mutual Fund
118302,Canara Robeco InDiGo Fund - Direct Plan - Growth,Income,Open Ended Schemes,Canara Robeco Mutual Fund
118305,CANARA ROBECO LIQUID FUND - DIRECT PLAN - GROWTH OPTION,Debt Scheme - Liquid Fund,Open Ended Schemes,Canara Robeco Mutual Fund
118309,CANARA ROBECO CONSERVATIVE HYBRID FUND - DIRECT PLAN - GROWTH OPTION,Hybrid Scheme - Conservative Hybrid Fund,Open Ended Schemes,Canara Robeco Mutual Fund
118312,Canara Robeco Short Term Fund- Direct Plan - Growth,Income,Open Ended Schemes,Canara Robeco Mutual Fund
118317,CANARA ROBECO ULTRA SHORT TERM FUND - DIRECT PLAN - GROWTH OPTION,Debt Scheme - Ultra Short Duration Fund,Open Ended Schemes,Canara Robeco Mutual Fund
118320,CANARA ROBECO SHORT DURATION FUND - DIRECT PLAN - GROWTH OPTION,Debt Scheme - Short Duration Fund,Open Ended Schemes,Canara Robeco Mutual Fund
118341,IDBI Gilt Fund Growth Direct,Debt Scheme - Gilt Fund,Open Ended Schemes,IDBI Mutual Fund
118344,IDBI India Top 100 Equity Fund Growth Direct,Equity Scheme - Large Cap Fund,Open Ended Schemes,IDBI Mutual Fund
118345,IDBI Liquid Fund Growth Direct,Formerly Known as IIFL Mutual Fund,360 ONE Mutual Fund,IDBI Mutual Fund
118347,IDBI NIFTY 50  Index Fund Growth Direct,Other Scheme - Index Funds,Open Ended Schemes,IDBI Mutual Fund
118348,IDBI Nifty Next 50 Index Fund Growth Direct,Other Scheme - Index Funds,Open Ended Schemes,IDBI Mutual Fund
118349,IDBI Short Term Bond Fund Growth Direct,Debt Scheme - Short Duration Fund,Open Ended Schemes,IDBI Mutual Fund
118350,IDBI UST Growth Direct,Debt Scheme - Ultra Short Duration Fund,Open Ended Schemes,IDBI Mutual Fund
118364,BANDHAN LIQUID Fund -Direct Plan-Growth,Debt Scheme - Liquid Fund,Open Ended Schemes,Bandhan Mutual Fund
118371,BANDHAN Low Duration Fund-Direct Plan-Growth,Debt Scheme - Low Duration Fund,Open Ended Schemes,Bandhan Mutual Fund
118374,Reliance Fixed Horizon Fund - XXII - Direct Plan - Growth Option,Income,Close Ended Schemes,Reliance Mutual Fund
118379,IDFC Money Manager Fund - Investment Plan-Direct Plan-Growth,Income,Open Ended Schemes,IDFC Mutual Fund
118384,Bandhan Money Market Fund -Direct Plan-Growth,Debt Scheme - Money Market Fund,Open Ended Schemes,Bandhan Mutual Fund
118387,Bandhan Gilt Fund with 10 year constant duration Fund - Direct Plan - Growth,Debt Scheme - Gilt Fund with 10 year constant duration,Open Ended Schemes,Bandhan Mutual Fund
118394,Bandhan Medium to Long Duration Fund - Direct Plan - Growth,Debt Scheme - Medium to Long Duration Fund,Open Ended Schemes,Bandhan Mutual Fund
118401,Bandhan Medium Duration Fund - Direct Plan - Growth,Debt Scheme - Medium Duration Fund,Open Ended Schemes,Bandhan Mutual Fund
118407,Bandhan Short Duration Fund - Direct Plan - Growth,Debt Scheme - Short Duration Fund,Open Ended Schemes,Bandhan Mutual Fund
118410,Bandhan Income Plus Arbitrage Active FOF - Direct Plan - Growth,Other Scheme - FoF Domestic,Open Ended Schemes,Bandhan Mutual Fund
118416,BANDHAN Dynamic Bond Fund-Direct Plan-Growth,Debt Scheme - Dynamic Bond,Open Ended Schemes,Bandhan Mutual Fund
118419,Bandhan Large & Mid Cap Fund - Direct Plan - Growth,Equity Scheme - Large & Mid Cap Fund,Open Ended Schemes,Bandhan Mutual Fund
118421,Bandhan Focused Fund - Direct Plan - Growth,Equity Scheme - Focused Fund,Open Ended Schemes,Bandhan Mutual Fund
118424,BANDHAN Flexi Cap Fund-Direct Plan-Growth,Equity Scheme - Flexi Cap Fund,Open Ended Schemes,Bandhan Mutual Fund
118426,IDFC  50-50 Strategic Sector Fund-Direct Plan-Growth,Income,Open Ended Schemes,IDFC Mutual Fund
118427,Indiabulls Gilt Fund - Direct Plan -  Growth Option,Debt Scheme - Gilt Fund,Open Ended Schemes,Indiabulls Mutual Fund
118452,IDBI Equity Savings Fund Growth Option Direct,Hybrid Scheme - Equity Savings,Open Ended Schemes,IDBI Mutual Fund
118464,Bandhan Gilt Fund - Direct Plan - Growth,Debt Scheme - Gilt Fund,Open Ended Schemes,Bandhan Mutual Fund
118469,BANDHAN Infrastructure Fund-Direct Plan-Growth,Equity Scheme - Sectoral/ Thematic,Open Ended Schemes,Bandhan Mutual Fund
118471,IDFC  India GDP Growth Fund-Direct Plan-Growth,Income,Open Ended Schemes,IDFC Mutual Fund
118473,BANDHAN ELSS Tax Saver Fund - Direct Plan - Growth,Equity Scheme - ELSS,Open Ended Schemes,Bandhan Mutual Fund
118474,BANDHAN Arbitrage Fund-Direct Plan- Growth,Hybrid Scheme - Arbitrage Fund,Open Ended Schemes,Bandhan Mutual Fund
118477,BANDHAN Equity Savings Fund-Direct Plan-Growth,Hybrid Scheme - Equity Savings,Open Ended Schemes,Bandhan Mutual Fund
118479,BANDHAN Large Cap Fund-Direct Plan-Growth,Equity Scheme - Large Cap Fund,Open Ended Schemes,Bandhan Mutual Fund
118481,Bandhan Value Fund - Direct Plan - Growth,Equity Scheme - Value Fund,Open Ended Schemes,Bandhan Mutual Fund
118482,BANDHAN Nifty 50 Index Fund-Direct Plan-Growth,Other Scheme - Index Funds,Open Ended Schemes,Bandhan Mutual Fund
118485,Bandhan Aggressive Hybrid Passive FOF - Direct Plan - Growth,Other Scheme - FoF Domestic,Open Ended Schemes,Bandhan Mutual Fund
118486,Bandhan Conservative Hybrid Passive FOF - Direct Plan - Growth,Other Scheme - FoF Domestic,Open Ended Schemes,Bandhan Mutual Fund
118489,Bandhan Multi-Asset Passive FOF - Direct Plan - Growth,Other Scheme - FoF Domestic,Open Ended Schemes,Bandhan Mutual Fund
118491,BANDHAN Conservative Hybrid Fund-Direct Plan-Growth,Hybrid Scheme - Conservative Hybrid Fund,Open Ended Schemes,Bandhan Mutual Fund
118494,Templeton India Value Fund - Direct - Growth,Equity Scheme - Value Fund,Open Ended Schemes,Franklin Templeton Mutual Fund
118495,Franklin India Dynamic Accrual Fund - Direct - Growth,Debt Scheme - Dynamic Bond,Open Ended Schemes,Franklin Templeton Mutual Fund
118498,Franklin India Government Securities Fund - Direct - Growth,Debt Scheme - Gilt Fund,Open Ended Schemes,Franklin Templeton Mutual Fund
118499,Franklin India GOVERNMENT SECURITIES FUND TREASURY PLAN - Direct - Growth,Income,Open Ended Schemes,Franklin Templeton Mutual Fund
118502,Franklin India GOVERNMENT SECURITIES FUND - Composite Plan - Direct - Growth,Income,Open Ended Schemes,Franklin Templeton Mutual Fund
118504,Franklin India GOVERNMENT SECURITIES FUND PF PLAN - Direct - Growth,Income,Open Ended Schemes,Franklin Templeton Mutual Fund
118506,Franklin India Money Market Fund - Direct - Growth,Debt Scheme - Money Market Fund,Open Ended Schemes,Franklin Templeton Mutual Fund
118508,Franklin India Floating Rate Fund - Direct - Growth,Debt Scheme - Floater Fund,Open Ended Schemes,Franklin Templeton Mutual Fund
118510,Franklin India Large & Mid Cap Fund - Direct - Growth,Equity Scheme - Large & Mid Cap Fund,Open Ended Schemes,Franklin Templeton Mutual Fund
118512,Franklin INDIA LIFE STAGE FUND OF FUNDS - THE 20S PLAN - Direct - Growth,Other Scheme - FoF Domestic,Open Ended Schemes,Franklin Templeton Mutual Fund
118514,Franklin India Life Stage Fund of Funds - The 30s Plan - Direct - Growth,Other Scheme - FoF Domestic,Open Ended Schemes,Franklin Templeton Mutual Fund
118516,Franklin India Life Stage Fund of Funds - The 40s Plan - Direct - Growth,Other Scheme - FoF Domestic,Open Ended Schemes,Franklin Templeton Mutual Fund
118518,Franklin India Life Stage Fund of Funds - The 50s Plus - Direct - Growth,Other Scheme - FoF Domestic,Open Ended Schemes,Franklin Templeton Mutual Fund
118519,Franklin India Life Stage Fund Of Funds - The 50S Plus Floating Rate Plan - Direct - Growth,Other Scheme - FoF Domestic,Open Ended Schemes,Franklin Templeton Mutual Fund
118521,Templeton India CHILDREN's ASSET PLAN EDUCATION - Direct - Growth,Income,Open Ended Schemes,Franklin Templeton Mutual Fund
118523,Templeton India CHILDREN's ASSET PLAN GIFT - Direct - Growth,Income,Open Ended Schemes,Franklin Templeton Mutual Fund
118525,Franklin India Small Cap Fund - Direct - Growth,Equity Scheme - Small Cap Fund,Open Ended Schemes,Franklin Templeton Mutual Fund
118527,Franklin India Dividend Yield Fund - Direct - Growth,Equity Scheme - Dividend Yield Fund,Open Ended Schemes,Franklin Templeton Mutual Fund
118530,Franklin India Low Duration Fund - Direct - Growth,Debt Scheme - Low Duration Fund,Open Ended Schemes,Franklin Templeton Mutual Fund
118531,Franklin India Large Cap Fund- Direct - Growth,Equity Scheme - Large Cap Fund,Open Ended Schemes,Franklin Templeton Mutual Fund
118533,Franklin India Mid Cap Fund - Direct - Growth,Equity Scheme - Mid Cap Fund,Open Ended Schemes,Franklin Templeton Mutual Fund
118535,Franklin India Flexi Cap Fund - Direct - Growth,Equity Scheme - Flexi Cap Fund,Open Ended Schemes,Franklin Templeton Mutual Fund
118537,Franklin India Technology Fund - Direct - Growth,Equity Scheme - Sectoral/ Thematic,Open Ended Schemes,Franklin Templeton Mutual Fund
118539,Franklin India Opportunities Fund - Direct - Growth,Equity Scheme - Sectoral/ Thematic,Open Ended Schemes,Franklin Templeton Mutual Fund
118540,Franklin India ELSS Tax Saver Fund - Direct - Growth,Equity Scheme - ELSS,Open Ended Schemes,Franklin Templeton Mutual Fund
118543,Franklin India Dynamic Asset Allocation Active Fund Of Funds - Direct - Growth,Other Scheme - FoF Domestic,Open Ended Schemes,Franklin Templeton Mutual Fund
118545,Franklin India INDEX FUND BSE PLAN - Direct - Growth,Income,Open Ended Schemes,Franklin Templeton Mutual Fund
118546,Franklin India Aggressive Hybrid Fund - Direct - Growth,Hybrid Scheme - Aggressive Hybrid Fund,Open Ended Schemes,Franklin Templeton Mutual Fund
118548,Franklin India Retirement Fund - Direct - Growth,Solution Oriented Scheme - Retirement Fund,Open Ended Schemes,Franklin Templeton Mutual Fund
118551,Franklin U.S. Opportunities Equity Active Fund of Funds - Direct - Growth,Other Scheme - FoF Overseas,Open Ended Schemes,Franklin Templeton Mutual Fund
118553,Franklin India Credit Risk Fund - Direct - Growth,Debt Scheme - Credit Risk Fund,Open Ended Schemes,Franklin Templeton Mutual Fund
118554,Franklin India Income Opportunities Fund - Direct - Growth,Debt Scheme - Medium Duration Fund,Open Ended Schemes,Franklin Templeton Mutual Fund
118557,Franklin Build India Fund - Direct - Growth,Equity Scheme - Sectoral/ Thematic,Open Ended Schemes,Franklin Templeton Mutual Fund
118559,Franklin Asian Equity Fund - Direct - Growth,Equity Scheme - Sectoral/ Thematic,Open Ended Schemes,Franklin Templeton Mutual Fund
118560,Franklin India Ultra Short Bond Fund - Super Institutional Plan - Direct - Growth,Debt Scheme - Ultra Short Duration Fund,Open Ended Schemes,Franklin Templeton Mutual Fund
118564,Franklin India Focused Equity Fund - Direct - Growth,Equity Scheme - Focused Fund,Open Ended Schemes,Franklin Templeton Mutual Fund
118565,Franklin India SHORT TERM INCOME PLAN - Direct - GROWTH,Debt Scheme - Short Duration Fund,Open Ended Schemes,Franklin Templeton Mutual Fund
118569,Franklin India Corporate Debt Fund - Direct - GROWTH,Debt Scheme - Corporate Bond Fund,Open Ended Schemes,Franklin Templeton Mutual Fund
118574,Franklin India Conservative Hybrid Fund - Direct - GROWTH,Hybrid Scheme - Conservative Hybrid Fund,Open Ended Schemes,Franklin Templeton Mutual Fund
118577,Franklin India Liquid Fund - Super Institutional - Direct - Growth,Debt Scheme - Liquid Fund,Open Ended Schemes,Franklin Templeton Mutual Fund
118581,Franklin India INDEX FUND- NSE NIFTY 50 INDEX FUND- Direct - Growth,Other Scheme - Index Funds,Open Ended Schemes,Franklin Templeton Mutual Fund
118583,Nippon India Quarterly Interval Fund - Series III - Direct Plan Growth Plan - Growth,Income,Interval Fund Schemes,Nippon India Mutual Fund
118585,Nippon India Arbitrage Fund - Direct Plan Growth Plan - Growth Option,Hybrid Scheme - Arbitrage Fund,Open Ended Schemes,Nippon India Mutual Fund
118588,Nippon India Banking & Financial Services Fund - Direct Plan Growth Plan - Bonus Option,Equity Scheme - Sectoral/ Thematic,Open Ended Schemes,Nippon India Mutual Fund
118589,Nippon India Banking & Financial Services Fund - Direct Plan Growth Plan - Growth Option,Equity Scheme - Sectoral/ Thematic,Open Ended Schemes,Nippon India Mutual Fund
118595,Nippon India Monthly Interval Fund - Series II - Direct Plan Growth Plan - Growth,Income,Interval Fund Schemes,Nippon India Mutual Fund
118598,Nippon India Monthly Interval Fund - Series I - Direct Plan Growth Plan - Growth,Income,Interval Fund Schemes,Nippon India Mutual Fund
118601,Goldman Sachs India Equity Fund - Direct Plan -Growth Option,Income,Open Ended Schemes,Goldman Sachs Mutual Fund
118604,Goldman Sachs Short Term Fund - Direct Plan - Growth Option,Income,Open Ended Schemes,Goldman Sachs Mutual Fund
118606,Goldman Sachs CNX 500 Fund - Direct Plan - Growth Option,Income,Open Ended Schemes,Goldman Sachs Mutual Fund
118610,Reliance Liquid Fund - Cash Plan - Direct Plan - Growth Plan - Growth Option,Direct,139259;INF192K01LC8;-;JM Liquid Fund Unclaimed Redemption IEF,Reliance Mutual Fund
118615,Edelweiss Balanced Advantage Fund -Direct Plan-Growth Option,Hybrid Scheme - Dynamic Asset Allocation or Balanced Advantage,Open Ended Schemes,Edelweiss Mutual Fund
118617,Edelweiss Large Cap Fund - Direct Plan-Growth option,Equity Scheme - Large Cap Fund,Open Ended Schemes,Edelweiss Mutual Fund
118620,Edelweiss ELSS Tax Saver Fund - Direct Plan-Growth Option,Equity Scheme - ELSS,Open Ended Schemes,Edelweiss Mutual Fund
118623,Nippon India Interval Fund - Quarterly Plan - Series I - Direct Plan Growth Plan - Growth,Income,Interval Fund Schemes,Nippon India Mutual Fund
118624,Edelweiss Aggressive Hybrid Fund-Direct Plan-Growth Option,Hybrid Scheme - Aggressive Hybrid Fund,Open Ended Schemes,Edelweiss Mutual Fund
118631,Edelweiss Gilt Fund -Direct Plan-Growth Option,Income,Open Ended Schemes,Edelweiss Mutual Fund
118632,Nippon India Large Cap Fund - Direct Plan Growth Plan - Growth Option,Equity Scheme - Large Cap Fund,Open Ended Schemes,Nippon India Mutual Fund
118633,Nippon India Large Cap Fund - Direct Plan Growth Plan - Bonus Option,Equity Scheme - Large Cap Fund,Open Ended Schemes,Nippon India Mutual Fund
118636,Edelweiss Liquid Fund-Direct Plan-Growth Option,Income,Open Ended Schemes,Edelweiss Mutual Fund
118638,Edelweiss Equity Savings Advantage Fund- Direct Plan- Growth Option,Income,Open Ended Schemes,Edelweiss Mutual Fund
118641,Reliance Focused Large Cap Fund - Direct Plan Growth Plan - Bonus Option,Income,Open Ended Schemes,Reliance Mutual Fund
118643,Reliance Focused Large Cap Fund - Direct Plan Growth Plan - Growth Option,Income,Open Ended Schemes,Reliance Mutual Fund
118644,Edelweiss Emerging Leaders Fund - Direct Plan- Growth,Income,Open Ended Schemes,Edelweiss Mutual Fund
118646,Edelweiss Short Term Income Fund - Direct Plan- Growth Option,Income,Open Ended Schemes,Edelweiss Mutual Fund
118648,Edelweiss Bond Fund  -Direct Plan- Growth Option,Income,Open Ended Schemes,Edelweiss Mutual Fund
118650,Nippon India Multi Cap Fund - Direct Plan Growth Plan - Growth Option,Equity Scheme - Multi Cap Fund,Open Ended Schemes,Nippon India Mutual Fund
118651,Nippon India Multi Cap Fund - Direct Plan Growth Plan - Bonus Option,Equity Scheme - Multi Cap Fund,Open Ended Schemes,Nippon India Mutual Fund
118656,Nippon India Floater Fund  - Direct Plan Growth Plan - Growth Option,Debt Scheme - Floater Fund,Open Ended Schemes,Nippon India Mutual Fund
118663,Nippon India Gold Savings Fund - Direct Plan Growth Plan - Growth Option,Other Scheme - FoF Domestic,Open Ended Schemes,Nippon India Mutual Fund
118665,Nippon India Growth Mid Cap Fund - Direct Plan Growth Plan - Bonus Option,Equity Scheme - Mid Cap Fund,Open Ended Schemes,Nippon India Mutual Fund
118668,Nippon India Growth Mid Cap Fund - Direct Plan Growth Plan - Growth Option,Equity Scheme - Mid Cap Fund,Open Ended Schemes,Nippon India Mutual Fund
118672,Nippon India Gilt  Fund - Direct Plan Growth Plan - Growth Option,Debt Scheme - Gilt Fund,Open Ended Schemes,Nippon India Mutual Fund
118675,Nippon India Vision Large & Mid Cap Fund - Direct Plan Growth Plan - Bonus Option,Equity Scheme - Large & Mid Cap Fund,Open Ended Schemes,Nippon India Mutual Fund
118678,Nippon India Vision Large & Mid Cap Fund - Direct Plan Growth Plan - Growth Option,Equity Scheme - Large & Mid Cap Fund,Open Ended Schemes,Nippon India Mutual Fund
118679,Nippon India Medium to Long Duration  Fund - Direct Plan Growth Plan-Bonus Option,Debt Scheme - Medium to Long Duration Fund,Open Ended Schemes,Nippon India Mutual Fund
118687,Nippon India Medium to Long Duration Fund - Direct Plan Growth Plan - Growth Option,Debt Scheme - Medium to Long Duration Fund,Open Ended Schemes,Nippon India Mutual Fund
118691,Nippon India Quarterly Interval Fund - Series II - Direct Plan Growth Plan - Growth,Income,Interval Fund Schemes,Nippon India Mutual Fund
118692,Nippon India Focused Fund - Direct Plan Growth Plan - Growth Option,Equity Scheme - Focused Fund,Open Ended Schemes,Nippon India Mutual Fund
118701,Nippon India Liquid Fund - Direct Plan Growth Plan - Growth Option,Debt Scheme - Liquid Fund,Open Ended Schemes,Nippon India Mutual Fund
118702,Nippon India Low Duration Fund - Direct Plan Growth Plan - Bonus Option,Debt Scheme - Low Duration Fund,Open Ended Schemes,Nippon India Mutual Fund
118709,Nippon India Low Duration Fund - Direct Plan Growth Plan - Growth Option,Debt Scheme - Low Duration Fund,Open Ended Schemes,Nippon India Mutual Fund
118715,Nippon India Money Market Fund - Direct Plan Growth Plan - Bonus Option,Debt Scheme - Money Market Fund,Open Ended Schemes,Nippon India Mutual Fund
118719,Nippon India Money Market Fund - Direct Plan Growth Plan - Growth Option,Debt Scheme - Money Market Fund,Open Ended Schemes,Nippon India Mutual Fund
118722,Nippon India Consumption Fund - Direct Plan Growth Plan - Bonus,Equity Scheme - Sectoral/ Thematic,Open Ended Schemes,Nippon India Mutual Fund
118724,Nippon India Consumption Fund - Direct Plan Growth Plan - Growth Option,Equity Scheme - Sectoral/ Thematic,Open Ended Schemes,Nippon India Mutual Fund
118726,Nippon India Conservative Hybrid  Fund - Direct Plan Growth Plan - Growth Option,Hybrid Scheme - Conservative Hybrid Fund,Open Ended Schemes,Nippon India Mutual Fund
118736,Nippon India Balanced Advantage Fund - Direct Plan Growth Plan - Growth Option,Hybrid Scheme - Dynamic Asset Allocation or Balanced Advantage,Open Ended Schemes,Nippon India Mutual Fund
118737,Reliance Balanced Advantage Fund - Direct Plan Growth Plan - Bonus Option,Hybrid Scheme - Balanced Hybrid Fund,Open Ended Schemes,Reliance Mutual Fund
118741,Nippon India Index Fund - Nifty 50 Plan - Direct Plan Growth Plan - Growth Option,Other Scheme - Index Funds,Open Ended Schemes,Nippon India Mutual Fund
118742,Nippon India Index Fund - Nifty 50 Plan - Direct Plan Growth Plan - Bonus Option,Other Scheme - Index Funds,Open Ended Schemes,Nippon India Mutual Fund
118747,Nippon India Dynamic Bond Fund - Direct Plan Growth Plan - Growth Option,Debt Scheme - Dynamic Bond,Open Ended Schemes,Nippon India Mutual Fund
118753,Reliance Natural Resources Fund - Direct Plan Growth Plan - Growth Option - Growth,Income,Open Ended Schemes,Reliance Mutual Fund
118758,Nippon India Pharma Fund - Direct Plan Growth Plan - Bonus Option,Equity Scheme - Sectoral/ Thematic,Open Ended Schemes,Nippon India Mutual Fund
118759,Nippon India Pharma Fund - Direct Plan Growth Plan - Growth Option,Equity Scheme - Sectoral/ Thematic,Open Ended Schemes,Nippon India Mutual Fund
118762,Nippon India Power & Infra Fund - Direct Plan Growth Plan - Bonus Option,Equity Scheme - Sectoral/ Thematic,Open Ended Schemes,Nippon India Mutual Fund
118763,Nippon India Power & Infra Fund - Direct Plan Growth Plan - Growth Option,Equity Scheme - Sectoral/ Thematic,Open Ended Schemes,Nippon India Mutual Fund
118766,IDFC  Government Securities Fund - Provident Fund -Direct Plan-Growth,Income,Open Ended Schemes,IDFC Mutual Fund
118769,Nippon India Quant Fund - Direct Plan Growth Plan - Growth Option,Equity Scheme - Sectoral/ Thematic,Open Ended Schemes,Nippon India Mutual Fund
118770,Nippon India Quant Fund - Direct Plan Growth Plan - Bonus Option,Equity Scheme - Sectoral/ Thematic,Open Ended Schemes,Nippon India Mutual Fund
118773,Reliance Infrastructure Fund - Direct Plan Growth Plan - Growth,Income,Open Ended Schemes,Reliance Mutual Fund
118774,Reliance Infrastructure Fund - Direct Plan Growth Plan - Bonus Option - Bonus,Income,Open Ended Schemes,Reliance Mutual Fund
118777,Nippon India Small Cap Fund - Direct Plan Growth Plan - Bonus Option,Equity Scheme - Small Cap Fund,Open Ended Schemes,Nippon India Mutual Fund
118778,Nippon India Small Cap Fund - Direct Plan Growth Plan - Growth Option,Equity Scheme - Small Cap Fund,Open Ended Schemes,Nippon India Mutual Fund
118780,Nippon India Credit Risk Fund - Direct Plan - Growth Plan,Debt Scheme - Credit Risk Fund,Open Ended Schemes,Nippon India Mutual Fund
118784,Nippon India Value Fund - Direct Plan Growth Plan,Equity Scheme - Value Fund,Open Ended Schemes,Nippon India Mutual Fund
118785,Nippon India Index Fund - BSE Sensex Plan - Direct Plan Growth Plan - Bonus Option,Other Scheme - Index Funds,Open Ended Schemes,Nippon India Mutual Fund
118791,Nippon India Index Fund - BSE Sensex Plan - Direct Plan Growth Plan - Growth Option,Other Scheme - Index Funds,Open Ended Schemes,Nippon India Mutual Fund
118794,Nippon India Aggressive Hybrid Fund  - Direct Plan Growth Plan,Hybrid Scheme - Aggressive Hybrid Fund,Open Ended Schemes,Nippon India Mutual Fund
118796,Nippon India Short Duration Fund - Direct Plan Growth Plan - Growth Option,Debt Scheme - Short Duration Fund,Open Ended Schemes,Nippon India Mutual Fund
118803,Nippon India ELSS Tax Saver Fund - Direct Plan Growth Plan - Growth Option,Equity Scheme - ELSS,Open Ended Schemes,Nippon India Mutual Fund
118804,Nippon India Annual Interval Fund - Series I - Direct Plan Growth Plan - Growth,Income,Interval Fund Schemes,Nippon India Mutual Fund
118807,Nippon India Corporate Bond Fund - Direct Plan Growth Plan - Bonus,Debt Scheme - Corporate Bond Fund,Open Ended Schemes,Nippon India Mutual Fund
118814,Nippon India Corporate Bond Fund - Direct Plan Growth Plan - Growth Option,Debt Scheme - Corporate Bond Fund,Open Ended Schemes,Nippon India Mutual Fund
118820,Indiabulls Gilt Fund - Indirect Plan - Growth Option,Debt Scheme - Gilt Fund,Open Ended Schemes,Indiabulls Mutual Fund
118825,Mirae Asset Large Cap Fund - Direct Plan - Growth,Equity Scheme - Large Cap Fund,Open Ended Schemes,Mirae Asset Mutual Fund
118828,Mirae Asset Global Commodity Stocks - Direct Plan - Growth,Income,Open Ended Schemes,Mirae Asset Mutual Fund
118831,Mirae Asset China Advantage Fund - Direct Plan - Growth,Income,Open Ended Schemes,Mirae Asset Mutual Fund
118834,Mirae Asset Large & Midcap Fund - Direct Plan - Growth,Equity Scheme - Large & Mid Cap Fund,Open Ended Schemes,Mirae Asset Mutual Fund
118837,Mirae Asset Great Consumer Fund - Direct Plan - Growth,Equity Scheme - Sectoral/ Thematic,Open Ended Schemes,Mirae Asset Mutual Fund
118840,Mirae Asset Low Duration Fund - Direct Plan - Growth,Debt Scheme - Low Duration Fund,Open Ended Schemes,Mirae Asset Mutual Fund
118847,Mirae Asset Short Term Bond Fund - Direct Plan - Growth,Income,Open Ended Schemes,Mirae Asset Mutual Fund
118857,Mirae Asset Liquid Fund - Direct Plan - Growth,Income,Open Ended Schemes,Mirae Asset Mutual Fund
118859,Mirae Asset Liquid Fund - Direct Plan - Growth,Debt Scheme - Liquid Fund,Open Ended Schemes,Mirae Asset Mutual Fund
118866,Taurus ELSS Tax Saver Fund - Direct Plan - Growth,Equity Scheme - ELSS,Open Ended Schemes,Taurus Mutual Fund
118868,Taurus Banking & Financial Services Fund - Direct Plan - Growth,Equity Scheme - Sectoral/ Thematic,Open Ended Schemes,Taurus Mutual Fund
118870,Taurus Large Cap Fund - Direct Plan - Growth,Equity Scheme - Large Cap Fund,Open Ended Schemes,Taurus Mutual Fund
118872,Taurus Mid Cap Fund - Direct Plan - Growth,Equity Scheme - Mid Cap Fund,Open Ended Schemes,Taurus Mutual Fund
118874,Taurus Dynamic Income Fund-Direct Plan-Growth Option,Income,Open Ended Schemes,Taurus Mutual Fund
118876,Taurus Ethical Fund - Direct Plan - Growth,Equity Scheme - Sectoral/ Thematic,Open Ended Schemes,Taurus Mutual Fund
118879,Taurus Infrastructure Fund - Direct Plan - Growth ,Equity Scheme - Sectoral/ Thematic,Open Ended Schemes,Taurus Mutual Fund
118881,Taurus Nifty 50 Index Fund - Direct Plan - Growth,Other Scheme - Index Funds,Open Ended Schemes,Taurus Mutual Fund
118883,Taurus Flexi Cap Fund - Direct Plan - Growth,Equity Scheme - Flexi Cap Fund,Open Ended Schemes,Taurus Mutual Fund
118885,Taurus MIP Advantage-Direct Plan-Growth Option,Income,Open Ended Schemes,Taurus Mutual Fund
118887,Taurus Gilt Fund-Direct Plan-Growth Option,Income,Open Ended Schemes,Taurus Mutual Fund
118889,Taurus Short Term Income Fund-Direct Plan-Growth Option,Income,Open Ended Schemes,Taurus Mutual Fund
118893,Taurus Liquid Fund-Direct Plan-SI Growth Option,Debt Scheme - Liquid Fund,Open Ended Schemes,Taurus Mutual Fund
118894,Taurus Ultra Short Term Bond Fund-Direct Plan-SI Growth Option,Income,Open Ended Schemes,Taurus Mutual Fund
118919,JPMorgan India Fixed Maturity Plan - Series 12 - Direct Plan - Growth Option,Income,Close Ended Schemes,JPMorgan Mutual Fund
118924,DSP Bond Fund - Direct Plan - Growth,Debt Scheme - Medium Duration Fund,Open Ended Schemes,DSP Mutual Fund
118927,HDFC Focused Large-Cap Fund -Direct Plan - Growth Option,Income,Open Ended Schemes,HDFC Mutual Fund
118929,HDFC Long Term Advantage Plan - Growth Option - Direct Plan,Equity Scheme - ELSS,Open Ended Schemes,HDFC Mutual Fund
118931,HDFC ARBITRAGE FUND - Growth Option - Direct Plan,Hybrid Scheme - Arbitrage Fund,Open Ended Schemes,HDFC Mutual Fund
118933,HDFC Balanced Fund -Direct Plan - Growth Option,Income,Open Ended Schemes,HDFC Mutual Fund
118935,HDFC Value Fund - Growth Option - Direct Plan,Equity Scheme - Value Fund,Open Ended Schemes,HDFC Mutual Fund
118936,DWS Alpha Equity Fund - Direct Plan - Growth,Income,Open Ended Schemes,Deutsche Mutual Fund
118939,DWS Investment Opportunity Fund - Direct Plan - Growth,Income,Open Ended Schemes,Deutsche Mutual Fund
118942,HDFC Low Duration  Fund - Direct Plan - Growth,Debt Scheme - Low Duration Fund,Open Ended Schemes,HDFC Mutual Fund
118946,DWS Tax Saving Fund - Direct Plan - Growth,Income,Open Ended Schemes,Deutsche Mutual Fund
118950,HDFC Focused Fund - Growth Option - Direct Plan,Equity Scheme - Focused Fund,Open Ended Schemes,HDFC Mutual Fund
118951,DWS Top Euroland Offshore Fund - Direct Plan - Growth,Income,Open Ended Schemes,Deutsche Mutual Fund
118955,HDFC Flexi Cap Fund - Growth Option - Direct Plan,Equity Scheme - Flexi Cap Fund,Open Ended Schemes,HDFC Mutual Fund
118958,DWS Global Agribusiness Offshore Fund - Direct Plan - Growth,Income,Open Ended Schemes,Deutsche Mutual Fund
118961,HDFC Floating Rate Debt Fund - Direct Plan - Growth Option,Debt Scheme - Floater Fund,Open Ended Schemes,HDFC Mutual Fund
118965,DWS Equity Income Fund - Direct Plan - Growth,Income,Open Ended Schemes,Deutsche Mutual Fund
118968,HDFC Balanced Advantage Fund - Growth Plan - Direct Plan,Hybrid Scheme - Dynamic Asset Allocation or Balanced Advantage,Open Ended Schemes,HDFC Mutual Fund
118972,DWS Income Advantage Fund - Direct Plan - Growth,Income,Open Ended Schemes,Deutsche Mutual Fund
118975,DWS Premier Bond Fund - Direct Plan - Growth,Income,Open Ended Schemes,Deutsche Mutual Fund
118979,HDFC Infrastructure Fund - Growth Option - Direct Plan,Equity Scheme - Sectoral/ Thematic,Open Ended Schemes,HDFC Mutual Fund
118982,DWS Short Maturity Fund - Direct Plan - Growth,Income,Open Ended Schemes,Deutsche Mutual Fund
118987,HDFC Corporate Bond Fund - Growth Option - Direct Plan,Debt Scheme - Corporate Bond Fund,Open Ended Schemes,HDFC Mutual Fund
118989,HDFC Mid Cap Fund - Growth Option - Direct Plan,Equity Scheme - Mid Cap Fund,Open Ended Schemes,HDFC Mutual Fund
118991,HDFC Prudence Fund -Direct Plan - Growth Option,Income,Open Ended Schemes,HDFC Mutual Fund
118994,DSP Regular Savings Fund - Direct Plan - Growth,Hybrid Scheme - Conservative Hybrid Fund,Open Ended Schemes,DSP Mutual Fund
118996,HDFC Quarterly Interval Fund - Plan A-Direct Plan - Retail Growth Option,Income,Close Ended Schemes,HDFC Mutual Fund
119000,DWS Insta Cash Plus Fund - Direct Plan - Growth,Income,Open Ended Schemes,Deutsche Mutual Fund
119004,HDFC Quarterly Interval Fund - Plan B-Direct Plan - Retail Growth Option,Income,Close Ended Schemes,HDFC Mutual Fund
119007,HDFC Quarterly Interval Fund - Plan C-Direct Plan - Retail Growth Option,Income,Close Ended Schemes,HDFC Mutual Fund
119009,DWS Treasury Fund - Cash Plan - Direct Plan - Growth,Income,Open Ended Schemes,Deutsche Mutual Fund
119016,HDFC Short Term  Debt Fund - Growth Option - Direct Plan,Debt Scheme - Short Duration Fund,Open Ended Schemes,HDFC Mutual Fund
119018,HDFC Large Cap Fund - Growth Option - Direct Plan,Equity Scheme - Large Cap Fund,Open Ended Schemes,HDFC Mutual Fund
119019,DSP Aggressive Hybrid Fund - Direct Plan - Growth,Hybrid Scheme - Aggressive Hybrid Fund,Open Ended Schemes,DSP Mutual Fund
119022,DWS Treasury Fund - Investment - Direct Plan - Growth,Income,Open Ended Schemes,Deutsche Mutual Fund
119028,DSP Natural Resources and New Energy Fund - Direct Plan - Growth,Equity Scheme - Sectoral/ Thematic,Open Ended Schemes,DSP Mutual Fund
119033,DWS Low Duration Fund - Direct Plan - Growth,Income,Open Ended Schemes,Deutsche Mutual Fund
119038,DWS Ultra Short Term Fund - Direct Plan - Growth,Income,Open Ended Schemes,Deutsche Mutual Fund
119049,DWS Cash Opportunities Fund - Direct Plan - Growth,Income,Open Ended Schemes,Deutsche Mutual Fund
119053,Tata Aggressive Hybrid Fund -Direct Plan- Growth Option,Hybrid Scheme - Aggressive Hybrid Fund,Open Ended Schemes,Tata Mutual Fund
119054,DWS Gilt Fund - Direct Plan - Growth,Income,Open Ended Schemes,Deutsche Mutual Fund
119060,HDFC ELSS Tax saver - Growth Option - Direct Plan,Equity Scheme - ELSS,Open Ended Schemes,HDFC Mutual Fund
119062,HDFC Hybrid Equity Fund - Growth Option - Direct Plan,Hybrid Scheme - Aggressive Hybrid Fund,Open Ended Schemes,HDFC Mutual Fund
119069,HDFC Income Fund - Growth Option - Direct Plan,Debt Scheme - Medium to Long Duration Fund,Open Ended Schemes,HDFC Mutual Fund
119071,DSP Midcap Fund - Direct Plan - Growth,Equity Scheme - Mid Cap Fund,Open Ended Schemes,DSP Mutual Fund
119075,HDFC Dynamic Debt Fund - Growth Option - Direct Plan,Debt Scheme - Dynamic Bond,Open Ended Schemes,HDFC Mutual Fund
119076,DSP Flexi Cap Fund - Direct Plan - Growth,Equity Scheme - Flexi Cap Fund,Open Ended Schemes,DSP Mutual Fund
119079,HDFC Regular Savings Fund -Direct Plan - Growth Option,Income,Open Ended Schemes,HDFC Mutual Fund
119081,HDFC Medium Term Debt Fund - Growth Option - Direct Plan,Debt Scheme - Medium Duration Fund,Open Ended Schemes,HDFC Mutual Fund
119082,DSP Credit Risk Fund - Direct Plan - Growth,Debt Scheme - Credit Risk Fund,Open Ended Schemes,DSP Mutual Fund
119091,HDFC Liquid Fund - Growth Option - Direct Plan,Debt Scheme - Liquid Fund,Open Ended Schemes,HDFC Mutual Fund
119092,HDFC Money Market Fund - Growth Option - Direct Plan,Debt Scheme - Money Market Fund,Open Ended Schemes,HDFC Mutual Fund
119096,DSP Focused Fund - Direct Plan - Growth,Equity Scheme - Focused Fund,Open Ended Schemes,DSP Mutual Fund
119097,Tata Dynamic Bond Fund- Direct Plan-Growth Option,Debt Scheme - Dynamic Bond,Open Ended Schemes,Tata Mutual Fund
119099,DSP Gilt Fund - Direct Plan - Growth,Debt Scheme - Gilt Fund,Open Ended Schemes,DSP Mutual Fund
119104,Tata Corporate Bond Fund- Direct Plan-Growth,Debt Scheme - Corporate Bond Fund,Open Ended Schemes,Tata Mutual Fund
119106,DSP Savings Fund - Direct Plan - Growth,Debt Scheme - Money Market Fund,Open Ended Schemes,DSP Mutual Fund
119110,HDFC Overnight Fund - Growth Option - Direct Plan,Debt Scheme - Overnight Fund,Open Ended Schemes,HDFC Mutual Fund
119112,HDFC Floating Rate Income Fund Long -Direct Plan - Growth Option,Income,Open Ended Schemes,HDFC Mutual Fund
119114,HDFC Gilt Fund Short Term Plan -Direct Plan - Growth Option,Income,Open Ended Schemes,HDFC Mutual Fund
119116,HDFC Gilt Fund - Growth Option - Direct Plan,Debt Scheme - Gilt Fund,Open Ended Schemes,HDFC Mutual Fund
119118,HDFC Hybrid Debt Fund - Growth Option - Direct Plan,Hybrid Scheme - Conservative Hybrid Fund,Open Ended Schemes,HDFC Mutual Fund
119121,HDFC MF MIP STP -Direct Plan - Growth Option,Income,Open Ended Schemes,HDFC Mutual Fund
119125,DSP Liquidity Fund - Direct Plan - Growth,Debt Scheme - Liquid Fund,Open Ended Schemes,DSP Mutual Fund
119127,Tata Medium Term Fund- Direct Plan- Growth Option,Debt Scheme - Medium Duration Fund,Open Ended Schemes,Tata Mutual Fund
119128,HDFC Equity Savings Fund - Growth Option - Direct Plan,Hybrid Scheme - Equity Savings,Open Ended Schemes,HDFC Mutual Fund
119131,HDFC Multi-Asset Fund - Growth Option - Direct Plan,Hybrid Scheme - Multi Asset Allocation,Open Ended Schemes,HDFC Mutual Fund
119133,Groww Largecap Fund (formerly known as Indiabulls Blue Chip Fund) - Direct Plan - Growth Option,Equity Scheme - Large Cap Fund,Open Ended Schemes,Groww Mutual Fund
119135,Groww Liquid Fund ( formerly known as Indiabulls Liquid )Fund - Direct Plan - Growth Option,Debt Scheme - Liquid Fund,Open Ended Schemes,Groww Mutual Fund
119140,Morgan Stanley Growth Fund - Direct Growth Plan,Income,Open Ended Schemes,Morgan Stanley Mutual Fund
119143,Indiabulls Ultra Short Term Fund - Direct Plan - Growth Option,Debt Scheme - Ultra Short Duration Fund,Open Ended Schemes,Indiabulls Mutual Fund
119148,Navi Large Cap Equity Fund-Direct Plan-Growth Option,Equity Scheme - Large Cap Fund,Open Ended Schemes,Navi Mutual Fund
119150,Morgan Stanley A.C.E. Fund-Direct Growth Plan,Income,Open Ended Schemes,Morgan Stanley Mutual Fund
119151,ESSEL FLEXIBLE INCOME FUND-DIRECT PLAN-GROWTH OPTION,Direct,119337;INF955L01AA3;-;Baroda Pioneer Dynamic Bond Fund - Plan B,Essel Mutual Fund
119156,Navi Conservative Hybrid Fund-Direct Plan-Growth Option,Hybrid Scheme - Conservative Hybrid Fund,Open Ended Schemes,Navi Mutual Fund
119160,Tata Large Cap Fund -Direct Plan Growth Option,Equity Scheme - Large Cap Fund,Open Ended Schemes,Tata Mutual Fund
119164,Navi Liquid Fund-Direct Plan-Growth Option,Debt Scheme - Liquid Fund,Open Ended Schemes,Navi Mutual Fund
119165,Morgan Stanley Active Bond Fund - Direct Growth Plan,Income,Open Ended Schemes,Morgan Stanley Mutual Fund
119168,Essel Short Term Fund-Direct Plan-Growth Option,Debt Scheme - Short Duration Fund,Open Ended Schemes,Essel Mutual Fund
119172,Tata Ethical Fund -Direct Plan- Growth Option,Equity Scheme - Sectoral/ Thematic,Open Ended Schemes,Tata Mutual Fund
119173,Morgan Stanley Liquid Fund - Direct Growth Plan,Income,Open Ended Schemes,Morgan Stanley Mutual Fund
119176,Navi 3 in 1 Fund-Direct Plan-Growth Option,Hybrid Scheme - Multi Asset Allocation,Open Ended Schemes,Navi Mutual Fund
119178,Tata Mid Cap Fund - Direct Plan- Growth Option,Equity Scheme - Mid Cap Fund,Open Ended Schemes,Tata Mutual Fund
119181,Daiwa Liquid Fund - Direct - Growth,Income,Open Ended Schemes,Daiwa Mutual Fund
119182,Tata Mid Cap Growth Fund - Direct Plan Bonus(Growth),Income,Open Ended Schemes,Tata Mutual Fund
119184,Daiwa Treasury Advantage Fund - Direct - Growth,Income,Open Ended Schemes,Daiwa Mutual Fund
119186,Navi Ultra Short Term Fund - Direct Plan-Growth Option,Debt Scheme - Ultra Short Duration Fund,Open Ended Schemes,Navi Mutual Fund
119189,Tata Equity Management Fund - Direct Plan Growth,Income,Open Ended Schemes,Tata Mutual Fund
119194,Daiwa Industry Leaders Fund - Direct - Growth,Income,Open Ended Schemes,Daiwa Mutual Fund
119196,Daiwa Government Securities Fund - Short Term Plan - Direct - Growth Option,Income,Open Ended Schemes,Daiwa Mutual Fund
119202,Tata Large & MId Cap Fund -Direct Plan- Growth Option,Equity Scheme - Large & Mid Cap Fund,Open Ended Schemes,Tata Mutual Fund
119205,DSP Ultra Short Fund - Direct Plan - Growth,Debt Scheme - Ultra Short Duration Fund,Open Ended Schemes,DSP Mutual Fund
119208,Morgan Stanley Multi Asset Fund- Plan A - Direct Growth Plan,Income,Open Ended Schemes,Morgan Stanley Mutual Fund
119212,DSP Small Cap Fund - Direct Plan - Growth,Equity Scheme - Small Cap Fund,Open Ended Schemes,DSP Mutual Fund
119215,Morgan Stanley Multi Asset Fund- Plan B - Direct Growth Plan,Income,Open Ended Schemes,Morgan Stanley Mutual Fund
119218,DSP Large & Mid Cap Fund - Direct Plan - Growth,Equity Scheme - Large & Mid Cap Fund,Open Ended Schemes,DSP Mutual Fund
119226,DSP Short Term Fund - Direct Plan - Growth,Debt Scheme - Short Duration Fund,Open Ended Schemes,DSP Mutual Fund
119227,Morgan Stanley Short Term Bond Fund - Direct Growth,Income,Open Ended Schemes,Morgan Stanley Mutual Fund
119231,Tata Value Fund -Direct Plan Growth Option,Equity Scheme - Value Fund,Open Ended Schemes,Tata Mutual Fund
119234,Tata Dividend Yield Fund-Direct Plan Growth,Income,Open Ended Schemes,Tata Mutual Fund
119239,DSP Strategic Bond Fund - Direct Plan - Growth,Debt Scheme - Dynamic Bond,Open Ended Schemes,DSP Mutual Fund
119242,DSP ELSS Tax Saver Fund - Direct Plan - Growth,Equity Scheme - ELSS,Open Ended Schemes,DSP Mutual Fund
119243,Tata Infrastructure Fund -Direct Plan -Growth Option,Equity Scheme - Sectoral/ Thematic,Open Ended Schemes,Tata Mutual Fund
119245,DSP BlackRock Technology.com Fund - Direct Plan - Growth,Income,Open Ended Schemes,DSP Mutual Fund
119247,DSP India T.I.G.E.R. Fund - Direct Plan - Growth,Equity Scheme - Sectoral/ Thematic,Open Ended Schemes,DSP Mutual Fund
119250,DSP Large Cap Fund - Direct Plan - Growth,Equity Scheme - Large Cap Fund,Open Ended Schemes,DSP Mutual Fund
119251,Tata Retirement Savings Fund- Progressive Plan -Direct Plan-Growth Option,Solution Oriented Scheme - Retirement Fund,Open Ended Schemes,Tata Mutual Fund
119252,DSP US Specific Equity Omni FoF - Direct Plan - Growth,Other Scheme - FoF Overseas,Open Ended Schemes,DSP Mutual Fund
119255,Tata Retirement Savings Fund- Moderate Plan -Direct Plan-Growth Option,Solution Oriented Scheme - Retirement Fund,Open Ended Schemes,Tata Mutual Fund
119256,Tata Retirement Savings Fund- Conservative Plan-Direct Plan-Growth Option,Solution Oriented Scheme - Retirement Fund,Open Ended Schemes,Tata Mutual Fund
119259,Tata Indo-Global Infrastructure Fund-Direct Plan Growth,Income,Open Ended Schemes,Tata Mutual Fund
119269,Tata Growing Economies Infrastructure Fund Scheme A-Direct Plan Growth,Income,Open Ended Schemes,Tata Mutual Fund
119271,DSP World Agriculture Fund - Direct Plan - Growth,Other Scheme - FoF Overseas,Open Ended Schemes,DSP Mutual Fund
119273,Tata Growing Economies Infrastructure Fund Scheme B-Direct Plan Growth,Income,Open Ended Schemes,Tata Mutual Fund
119275,DSP Global Clean Energy Overseas Equity Omni FoF Direct Plan - Growth,Other Scheme - FoF Overseas,Open Ended Schemes,DSP Mutual Fund
119277,DSP World Gold Mining Overseas Equity Omni FoF - Direct Plan - Growth,Other Scheme - FoF Overseas,Open Ended Schemes,DSP Mutual Fund
119279,DSP World Mining Overseas Equity Omni FoF - Direct Plan - Growth,Other Scheme - FoF Overseas,Open Ended Schemes,DSP Mutual Fund
119283,L&T Overnight Fund - Direct Plan - Growth,Debt Scheme - Overnight Fund,Open Ended Schemes,L&T Mutual Fund
119291,L&T Flexicap Fund-Direct Plan-Growth,Equity Scheme - Multi Cap Fund,Open Ended Schemes,L&T Mutual Fund
119292,Union Flexi Cap Fund - Direct Plan - Growth Option,Equity Scheme - Flexi Cap Fund,Open Ended Schemes,Union Mutual Fund
119296,Tata Young Citizens' Fund [Upto 3 years]-Direct Plan Growth,Income,Open Ended Schemes,Tata Mutual Fund
119298,L&T Balanced Advantage Fund-Direct Plan-Growth,Hybrid Scheme - Dynamic Asset Allocation or Balanced Advantage,Open Ended Schemes,L&T Mutual Fund
119299,Tata Young Citizens' Fund [> 3 years upto 7 years]-Direct Plan Growth,Income,Open Ended Schemes,Tata Mutual Fund
119303,Union Liquid Fund - Direct Plan - Growth Option,Debt Scheme - Liquid Fund,Open Ended Schemes,Union Mutual Fund
119307,Union ELSS Tax Saver Fund - Direct Plan - Growth Option,Equity Scheme - ELSS,Open Ended Schemes,Union Mutual Fund
119308,L&T India Large Cap Fund - Direct Plan - Growth,Equity Scheme - Large Cap Fund,Open Ended Schemes,L&T Mutual Fund
119311,Union Dynamic Bond Fund - Direct Plan - Growth Option,Debt Scheme - Dynamic Bond,Open Ended Schemes,Union Mutual Fund
119312,Tata Childrens Fund-Direct Plan-Growth Option,Solution Oriented Scheme - Children’s Fund,Open Ended Schemes,Tata Mutual Fund
119317,Baroda Pioneer PSU Bond Fund - Plan B (Direct) - Growth Option,Income,Open Ended Schemes,Baroda Pioneer Mutual Fund
119318,Union Short Term Fund - Direct Plan - Growth Option,Debt Scheme - Short Duration Fund,Open Ended Schemes,Union Mutual Fund
119323,Tata Contra Fund -Direct Plan Growth,Income,Open Ended Schemes,Tata Mutual Fund
119326,BARODA HYBRID EQUITY FUND - Plan B (Direct) - Growth Option,Hybrid Scheme - Aggressive Hybrid Fund,Open Ended Schemes,Baroda Mutual Fund
119327,Union Asset Allocation Fund - Direct Plan - Growth Option,Hybrid Scheme - Multi Asset Allocation,Open Ended Schemes,Union Mutual Fund
119330,Union KBC Asset Allocation Fund - Conservative Plan - Direct Plan - Growth Option,Balanced,Open Ended Schemes,Union Mutual Fund
119331,PineBridge India Equity Fund- Direct Plan- Growth Option,Income,Open Ended Schemes,PineBridge Mutual Fund
119333,Baroda BNP Paribas Banking and Financial Services Fund - Direct - Growth Option,Equity Scheme - Sectoral/ Thematic,Open Ended Schemes,Baroda BNP Paribas Mutual Fund
119337,Baroda Dynamic Bond Fund - Plan B (Direct) - Growth Option,Debt Scheme - Dynamic Bond,Open Ended Schemes,Baroda Mutual Fund
119341,Baroda BNP Paribas GILT FUND - Direct Plan - Growth Option,Debt Scheme - Gilt Fund,Open Ended Schemes,Baroda BNP Paribas Mutual Fund
119343,PineBridge Infrastructure & Economic Reform Fund- Direct Plan- Growth Option,Income,Open Ended Schemes,PineBridge Mutual Fund
119344,PineBridge World Gold Fund- Direct Plan- Growth Option,Income,Open Ended Schemes,PineBridge Mutual Fund
119347,L&T Hybrid Equity Fund - Direct Plan-Growth,Hybrid Scheme - Aggressive Hybrid Fund,Open Ended Schemes,L&T Mutual Fund
119350,BANK OF INDIA Large & Mid Cap Fund Direct Plan-Growth,Equity Scheme - Large & Mid Cap Fund,Open Ended Schemes,Bank of India Mutual Fund
119351,BANK OF INDIA ELSS Tax Saver -Direct Plan- Growth,Equity Scheme - ELSS,Open Ended Schemes,Bank of India Mutual Fund
119354,Baroda BNP Paribas MULTI CAP FUND - Direct Plan - Growth Option,Equity Scheme - Multi Cap Fund,Open Ended Schemes,Baroda BNP Paribas Mutual Fund
119360,PineBridge India Liquid Fund- Direct Plan- Growth Option,Income,Open Ended Schemes,PineBridge Mutual Fund
119362,BARODA INCOME FUND - Plan B (Direct) - Growth Option,Debt Scheme - Medium to Long Duration Fund,Open Ended Schemes,Baroda Mutual Fund
119364,BANK OF INDIA Manufacturing & Infrastructure Fund-Direct Plan-Growth,Equity Scheme - Sectoral/ Thematic,Open Ended Schemes,Bank of India Mutual Fund
119367,Baroda Large cap Fund - Plan B (Direct) - Growth Option,Equity Scheme - Large Cap Fund,Open Ended Schemes,Baroda Mutual Fund
119369,BANK OF INDIA Liquid Fund- Direct Plan- Growth,Debt Scheme - Liquid Fund,Open Ended Schemes,Bank of India Mutual Fund
119376,PineBridge India Total Return Bond Fund- Direct Plan- Growth Option,Income,Open Ended Schemes,PineBridge Mutual Fund
119379,BANK OF INDIA Ultra Short Duration Fund- Direct Plan- Growth,Debt Scheme - Ultra Short Duration Fund,Open Ended Schemes,Bank of India Mutual Fund
119382,BANK OF INDIA Short Term Income Fund-Direct Plan- Growth,Debt Scheme - Short Duration Fund,Open Ended Schemes,Bank of India Mutual Fund
119385,PineBridge India Short Term Fund- Direct Plan- Growth Option,Income,Open Ended Schemes,PineBridge Mutual Fund
119389,BARODA CONSERVATIVE HYBRID FUND - Plan B (Direct) - Growth Option,Hybrid Scheme - Conservative Hybrid Fund,Open Ended Schemes,Baroda Mutual Fund
119392,Baroda Mid-cap Fund- Plan B (Direct) - Growth Option,Equity Scheme - Mid Cap Fund,Open Ended Schemes,Baroda Mutual Fund
119393,BANK OF INDIA Conservative Hybrid Fund Fund-Direct Plan-Growth,Debt Scheme - Medium to Long Duration Fund,Open Ended Schemes,Bank of India Mutual Fund
119397,L&T Large and Midcap Fund-Direct Plan-Growth,Equity Scheme - Large & Mid Cap Fund,Open Ended Schemes,L&T Mutual Fund
119400,Baroda BNP Paribas Short Duration Fund - Direct Plan - Growth Option,Debt Scheme - Short Duration Fund,Open Ended Schemes,Baroda BNP Paribas Mutual Fund
119402,PineBridge Quarterly Interval Fund Series I- Direct Plan- Growth Option,Income,Close Ended Schemes,PineBridge Mutual Fund
119404,L&T India Value Fund-Direct Plan-Growth,Equity Scheme - Value Fund,Open Ended Schemes,L&T Mutual Fund
119405,PineBridge Quarterly Interval Fund Series II- Direct Plan- Growth Option,Income,Close Ended Schemes,PineBridge Mutual Fund
119407,L&T Indo Asia Fund-Direct Plan-Growth Option,Income,Open Ended Schemes,L&T Mutual Fund
119410,Baroda Treasury Advantage Fund - Plan B (Direct) - Growth Option,Debt Scheme - Low Duration Fund,Open Ended Schemes,Baroda Mutual Fund
119413,L&T Infrastructure Fund -Direct Plan-Growth,Equity Scheme - Sectoral/ Thematic,Open Ended Schemes,L&T Mutual Fund
119415,Baroda BNP Paribas LIQUID FUND - DIRECT PLAN - GROWTH OPTION,Debt Scheme - Liquid Fund,Open Ended Schemes,Baroda BNP Paribas Mutual Fund
119417,L&T  Tax Advantage Fund-Direct Plan-Growth,Equity Scheme - ELSS,Open Ended Schemes,L&T Mutual Fund
119420,L&T Global Real Assets Fund-Direct Plan-Growth Option,Income,Open Ended Schemes,L&T Mutual Fund
119424,Tata Money Market Fund- Direct Plan- Growth Option,Debt Scheme - Money Market Fund,Open Ended Schemes,Tata Mutual Fund
119425,L&T Gilt Fund - Direct Plan - Growth,Debt Scheme - Gilt Fund,Open Ended Schemes,L&T Mutual Fund
119428,L&T Flexi Bond Fund - Direct Plan- Growth,Debt Scheme - Dynamic Bond,Open Ended Schemes,L&T Mutual Fund
119431,L&T Money Market Fund -Direct Plan- Growth,Debt Scheme - Money Market Fund,Open Ended Schemes,L&T Mutual Fund
119434,Principal Retail Equity Savings Fund - Direct Plan - Growth Option,Income,Open Ended Schemes,PRINCIPAL Mutual Fund
119436,Aditya Birla Sun Life Large & Mid Cap Fund - Growth - Direct Plan,Equity Scheme - Large & Mid Cap Fund,Open Ended Schemes,Aditya Birla Sun Life Mutual Fund
119438,Principal Dividend Yield Fund - Direct Plan - Growth Option,Equity Scheme - Dividend Yield Fund,Open Ended Schemes,Principal Mutual Fund
119441,Principal Emerging Bluechip Fund - Direct Plan - Growth Option,Equity Scheme - Large & Mid Cap Fund,Open Ended Schemes,Principal Mutual Fund
119444,Tata Liquidity Management Fund- Direct Plan-Growth,Income,Open Ended Schemes,Tata Mutual Fund
119448,Principal Low Duration Fund - Direct Plan - Growth Option,Debt Scheme - Low Duration Fund,Open Ended Schemes,Principal Mutual Fund
119450,Principal Credit Risk Fund - Direct Plan - Growth Option,Debt Scheme - Credit Risk Fund,Open Ended Schemes,Principal Mutual Fund
119451,Principal Multi Cap Growth Fund - Direct Plan -Half Yearly Income Distribution CUM Capital Withdrawal Option,Equity Scheme - Multi Cap Fund,Open Ended Schemes,Principal Mutual Fund
119452,Principal Multi Cap Growth Fund-Direct Plan - Growth Option,Equity Scheme - Multi Cap Fund,Open Ended Schemes,Principal Mutual Fund
119453,Principal Government Securities Fund-Direct Plan - Growth Option,Income,Open Ended Schemes,PRINCIPAL Mutual Fund
119457,Principal Global Opportunities Fund-Direct Plan - Growth Option,Other Scheme - FoF Overseas,Open Ended Schemes,Principal Mutual Fund
119461,Principal Dynamic Bond Fund - Direct Plan - Growth Option,Debt Scheme - Dynamic Bond,Open Ended Schemes,Principal Mutual Fund
119462,Principal Short Term Debt Fund- Direct Plan - Growth Option,Debt Scheme - Short Duration Fund,Open Ended Schemes,Principal Mutual Fund
119464,Principal Focused Multicap Fund- Direct Plan - Growth Option,Equity Scheme - Focused Fund,Open Ended Schemes,Principal Mutual Fund
119468,Principal Cash Management Fund - Direct Plan - Growth Option,Debt Scheme - Liquid Fund,Open Ended Schemes,Principal Mutual Fund
119472,Principal Equity Savings Fund - Direct Plan - Growth Option,Hybrid Scheme - Equity Savings,Open Ended Schemes,Principal Mutual Fund
119474,Principal Ultra Short Term Fund- Direct Plan -Growth Option,Debt Scheme - Ultra Short Duration Fund,Open Ended Schemes,Principal Mutual Fund
119479,Principal Corporate Bond Fund  - Direct Plan -Growth Option,Debt Scheme - Corporate Bond Fund,Open Ended Schemes,Principal Mutual Fund
119480,Principal Bank CD Fund - Direct Plan - Growth Option,Income,Open Ended Schemes,PRINCIPAL Mutual Fund
119482,Principal Balanced Advantage Fund - Direct Plan - Growth Option,Hybrid Scheme - Dynamic Asset Allocation or Balanced Advantage,Open Ended Schemes,Principal Mutual Fund
119484,Principal Hybrid Equity Fund- Direct Plan - Growth Option,Hybrid Scheme - Aggressive Hybrid Fund,Open Ended Schemes,Principal Mutual Fund
119488,Principal Nifty 100 Equal Weight Fund - Direct Plan - Growth Option,Other Scheme - Index Funds,Open Ended Schemes,Principal Mutual Fund
119490,Aditya Birla Sun Life Asset Allocation-Conservative Plan - Growth - Direct Plan,Income,Open Ended Schemes,Aditya Birla Sun Life Mutual Fund
119493,Aditya Birla Sun Life Asset Allocation - Aggressive Plan - Growth - Direct Plan,Income,Open Ended Schemes,Aditya Birla Sun Life Mutual Fund
119495,Aditya Birla Sun Life Asset Allocation - Moderate Plan - Growth - Direct Plan,Income,Open Ended Schemes,Aditya Birla Sun Life Mutual Fund
119498,Aditya Birla Sun Life Short Term Fund - Growth - Direct Plan,Debt Scheme - Short Duration Fund,Open Ended Schemes,Aditya Birla Sun Life Mutual Fund
119501,Aditya Birla Sun Life Savings Fund - Growth - Direct Plan,Debt Scheme - Ultra Short Duration Fund,Open Ended Schemes,Aditya Birla Sun Life Mutual Fund
119505,Aditya Birla Sun Life Dynamic Bond Fund - Growth - Direct Plan,Debt Scheme - Dynamic Bond,Open Ended Schemes,Aditya Birla Sun Life Mutual Fund
119507,Aditya Birla Sun Life Dividend Yield Fund - Growth - Direct Plan,Equity Scheme - Dividend Yield Fund,Open Ended Schemes,Aditya Birla Sun Life Mutual Fund
119509,Birla Sun Life Floating Rate - Long Term - Growth - Direct Plan,Income,Open Ended Schemes,Aditya Birla Sun Life Mutual Fund
119511,Aditya Birla Sun Life Money Manager Fund - Growth - Direct Plan,Debt Scheme - Money Market Fund,Open Ended Schemes,Aditya Birla Sun Life Mutual Fund
119514,Aditya Birla Sun Life Infrastructure Fund - Growth - Direct Plan,Equity Scheme - Sectoral/ Thematic,Open Ended Schemes,Aditya Birla Sun Life Mutual Fund
119517,Aditya Birla Sun Life International Equity Fund - Growth - Direct Plan,Equity Scheme - Sectoral/ Thematic,Open Ended Schemes,Aditya Birla Sun Life Mutual Fund
119518,Aditya Birla Sun Life International Equity Fund - Plan B - Growth - Direct Plan,Formerly Known as IIFL Mutual Fund,360 ONE Mutual Fund,Aditya Birla Sun Life Mutual Fund
119520,Aditya Birla Sun Life Long Term Advantage - Growth - Direct Plan,Income,Open Ended Schemes,Aditya Birla Sun Life Mutual Fund
119523,Aditya Birla Sun Life Low duration Fund - Growth - Direct Plan,Debt Scheme - Low Duration Fund,Open Ended Schemes,Aditya Birla Sun Life Mutual Fund
119526,Aditya Birla Sun Life Arbitrage Fund - Growth - Direct Plan,Hybrid Scheme - Arbitrage Fund,Open Ended Schemes,Aditya Birla Sun Life Mutual Fund
119528,Aditya Birla Sun Life Large Cap Fund - Growth - Direct Plan,Equity Scheme - Large Cap Fund,Open Ended Schemes,Aditya Birla Sun Life Mutual Fund
119529,Aditya Birla Sun Life Government Securities Fund - Short Term Plan - Growth - Direct Plan,Income,Open Ended Schemes,Aditya Birla Sun Life Mutual Fund
119533,Aditya Birla Sun Life Corporate Bond Fund - Growth - Direct Plan,Debt Scheme - Corporate Bond Fund,Open Ended Schemes,Aditya Birla Sun Life Mutual Fund
119535,Aditya Birla Sun Life Interval Income Fund - Quarterly Series I - Growth - Direct Plan,Income,Close Ended Schemes,Aditya Birla Sun Life Mutual Fund
119536,Aditya Birla Sun Life India Reforms Fund - Growth - Direct Plan,Income,Open Ended Schemes,Aditya Birla Sun Life Mutual Fund
119539,Aditya Birla Sun Life Medium Term Plan - Growth - Direct Plan,Debt Scheme - Medium Duration Fund,Open Ended Schemes,Aditya Birla Sun Life Mutual Fund
119542,Sundaram Equity Hybrid Fund Direct Plan - Growth,Hybrid Scheme - Balanced Hybrid Fund,Open Ended Schemes,Sundaram Mutual Fund
119544,Aditya Birla Sun Life ELSS Tax Saver Fund - Growth - Direct Plan,Equity Scheme - ELSS,Open Ended Schemes,Aditya Birla Sun Life Mutual Fund
119546,Aditya Birla Sun Life Special Situations Fund - Growth - Direct Plan,Income,Open Ended Schemes,Aditya Birla Sun Life Mutual Fund
119549,Sundaram Value Fund Direct Plan - Growth,Equity Scheme - Value Fund,Open Ended Schemes,Sundaram Mutual Fund
119550,Aditya Birla Sun Life Banking & PSU Debt Fund- Direct Plan-Growth,Debt Scheme - Banking and PSU Fund,Open Ended Schemes,Aditya Birla Sun Life Mutual Fund
119555,Sundaram Select Thematic Funds Capex Opportunities -Direct Plan - Growth Option,Income,Open Ended Schemes,Sundaram Mutual Fund
119556,Aditya Birla Sun Life Small Cap Fund - Growth - Direct Plan,Equity Scheme - Small Cap Fund,Open Ended Schemes,Aditya Birla Sun Life Mutual Fund
119559,Sundaram Select Thematic Funds Energy Opportunities -Direct Plan - Growth Option,Income,Open Ended Schemes,Sundaram Mutual Fund
119564,Aditya Birla Sun Life Focused Fund - Growth - Direct Plan,Equity Scheme - Focused Fund,Open Ended Schemes,Aditya Birla Sun Life Mutual Fund
119566,Sundaram Large and Midcap Fund Direct Plan - Growth,Equity Scheme - Large & Mid Cap Fund,Open Ended Schemes,Sundaram Mutual Fund
119568,Aditya Birla Sun Life Liquid Fund - Growth - Direct Plan,Debt Scheme - Liquid Fund,Open Ended Schemes,Aditya Birla Sun Life Mutual Fund
119572,Sundaram Multi Asset Fund Direct Growth,Equity Scheme - Multi Cap Fund,Open Ended Schemes,Sundaram Mutual Fund
119576,Aditya Birla Sun Life Commodity Equities Fund - Global Agri Plan - Growth - Direct Plan,Formerly Known as IIFL Mutual Fund,360 ONE Mutual Fund,Aditya Birla Sun Life Mutual Fund
119578,Sundaram Select Focus Direct Plan - Growth,Equity Scheme - Focused Fund,Open Ended Schemes,Sundaram Mutual Fund
119580,Birla Sun Life Commodities Equities Fund Global Multi Commodity Plan - Growth - Direct Plan,Income,Open Ended Schemes,Aditya Birla Sun Life Mutual Fund
119581,Sundaram Mid Cap Fund Direct Plan - Growth,Equity Scheme - Mid Cap Fund,Open Ended Schemes,Sundaram Mutual Fund
119584,Birla Sun Life Commodities Equities Fund Global Precious Metals Plan - Growth - Direct Plan,Income,Open Ended Schemes,Aditya Birla Sun Life Mutual Fund
119586,Sundaram Select Thematic Funds PSU Opportunities -Direct Plan - Growth Option,Income,Open Ended Schemes,Sundaram Mutual Fund
119589,Sundaram Small Cap Fund Direct Plan - Growth,Equity Scheme - Small Cap Fund,Open Ended Schemes,Sundaram Mutual Fund
119591,Aditya Birla Sun Life Consumption Fund - Growth - Direct Plan,Equity Scheme - Sectoral/ Thematic,Open Ended Schemes,Aditya Birla Sun Life Mutual Fund
119592,Sundaram Growth Fund - Direct Plan - Growth Option,Income,Open Ended Schemes,Sundaram Mutual Fund
119595,Sundaram Consumption Fund (Formerly Known as Sundaram Rural and Consumption Fund Direct Plan - Growth),Equity Scheme - Sectoral/ Thematic,Open Ended Schemes,Sundaram Mutual Fund
119597,Sundaram Financial Services Opportunities Fund Direct Plan - Growth,Equity Scheme - Sectoral/ Thematic,Open Ended Schemes,Sundaram Mutual Fund
119598,SBI Large Cap FUND-DIRECT PLAN -GROWTH,Equity Scheme - Large Cap Fund,Open Ended Schemes,SBI Mutual Fund
119599,Sundaram Entertainment Opportunities Fund -Direct Plan - Growth Option,Income,Open Ended Schemes,Sundaram Mutual Fund
119602,Sundaram Global Brand Theme-Equity Active FOF - Direct Growth,Other Scheme - FoF Overseas,Open Ended Schemes,Sundaram Mutual Fund
119603,Sundaram Gilt Fund - Direct Plan - Growth Option,Income,Open Ended Schemes,Sundaram Mutual Fund
119605,Aditya Birla Sun Life Government Securities Fund - Growth - Direct Plan,Debt Scheme - Gilt Fund,Open Ended Schemes,Aditya Birla Sun Life Mutual Fund
119609,SBI EQUITY HYBRID FUND - DIRECT PLAN - Growth,Hybrid Scheme - Aggressive Hybrid Fund,Open Ended Schemes,SBI Mutual Fund
119612,Aditya Birla Sun Life Gilt Plus - Liquid Plan - Growth - Direct Plan,Income,Open Ended Schemes,Aditya Birla Sun Life Mutual Fund
119614,Aditya Birla Sun Life Constant Maturity 10 Year Gilt Fund - Growth - Direct Plan,Income,Open Ended Schemes,Aditya Birla Sun Life Mutual Fund
119618,Aditya Birla Sun Life India Opportunities Fund - Growth - Direct Plan,Income,Open Ended Schemes,Aditya Birla Sun Life Mutual Fund
119620,Aditya Birla Sun Life Midcap Fund - Growth - Direct Plan,Equity Scheme - Mid Cap Fund,Open Ended Schemes,Aditya Birla Sun Life Mutual Fund
119621,Sundaram Corporate Bond Fund Direct Plan - Growth,Debt Scheme - Corporate Bond Fund,Open Ended Schemes,Sundaram Mutual Fund
119625,Sundaram Banking & PSU Fund (Formerly Known as Sundaram Banking and PSU Debt Fund) Direct Plan - Growth,Debt Scheme - Banking and PSU Fund,Open Ended Schemes,Sundaram Mutual Fund
119632,Sundaram Short Term Credit Risk Fund - Direct Plan - Growth Option,Debt Scheme - Credit Risk Fund,Open Ended Schemes,Sundaram Mutual Fund
119635,Sundaram Conservative Hybrid Fund (Formerly Known as Sundaram Debt Oriented Hybrid Fund) Direct Plan - Growth,Hybrid Scheme - Conservative Hybrid Fund,Open Ended Schemes,Sundaram Mutual Fund
119644,Sundaram Regular Savings Fund - Direct Plan - Growth Option,54EB Growth,103182;-;-;Aditya Birla Sun Life Income Fund-Plan G,Sundaram Mutual Fund
119646,Aditya Birla Sun Life MNC Fund - Growth - Direct Plan,Equity Scheme - Sectoral/ Thematic,Open Ended Schemes,Aditya Birla Sun Life Mutual Fund
119648,Aditya Birla Sun Life Nifty 50 Index Fund - Growth - Direct Plan,Other Scheme - Index Funds,Open Ended Schemes,Aditya Birla Sun Life Mutual Fund
119654,Sundaram Monthly Income Plan - Moderate Plan - Direct Plan - Growth Option,Income,Open Ended Schemes,Sundaram Mutual Fund
119657,Aditya Birla Sun Life Income Fund - Growth - Direct Plan,Debt Scheme - Medium to Long Duration Fund,Open Ended Schemes,Aditya Birla Sun Life Mutual Fund
119659,Aditya Birla Sun Life Value Fund - Growth - Direct Plan,Equity Scheme - Value Fund,Open Ended Schemes,Aditya Birla Sun Life Mutual Fund
119661,Aditya Birla Sun Life Tax Plan - Direct Plan - Growth Option,Equity Scheme - ELSS,Open Ended Schemes,Aditya Birla Sun Life Mutual Fund
119664,Sundaram Short Term Debt Fund Direct Plan - Growth,Debt Scheme - Short Duration Fund,Open Ended Schemes,Sundaram Mutual Fund
119671,SBI Dynamic Bond Fund - DIRECT PLAN - Growth,Debt Scheme - Dynamic Bond,Open Ended Schemes,SBI Mutual Fund
119675,Sundaram Medium Duration Fund (Formerly Known as Sundaram Medium Term Bond Fund) Direct Plan - Growth,Debt Scheme - Medium Duration Fund,Open Ended Schemes,Sundaram Mutual Fund
119680,Sundaram Low Duration Fund Direct Plan - Growth,Debt Scheme - Low Duration Fund,Open Ended Schemes,Sundaram Mutual Fund
119685,SBI Edge Fund - DIRECT PLAN - GROWTH,Income,Open Ended Schemes,SBI Mutual Fund
119686,Sundaram Money Fund Direct Plan - Growth,Debt Scheme - Liquid Fund,Open Ended Schemes,Sundaram Mutual Fund
119693,Sundaram Fixed Income Interval Fund- Quarterly Series-Plan D - Direct Plan - Growth,Income,Close Ended Schemes,Sundaram Mutual Fund
119697,Sundaram Fixed Income Interval Fund- Quarterly Series-Plan A - Direct Plan - Growth,Income,Open Ended Schemes,Sundaram Mutual Fund
119698,Sundaram Fixed Income Interval Fund- Quarterly Series-Plan B - Direct Plan - Growth,Income,Open Ended Schemes,Sundaram Mutual Fund
119700,SBI INFRASTRUCTURE FUND -  DIRECT PLAN - GROWTH,Equity Scheme - Sectoral/ Thematic,Open Ended Schemes,SBI Mutual Fund
119701,Sundaram Fixed Income Interval Fund- Quarterly Series-Plan C - Direct Plan - Growth,Income,Close Ended Schemes,Sundaram Mutual Fund
119704,Sundaram Fixed Income Interval Fund- Quarterly Series-Plan E - Direct Plan - Growth,Income,Close Ended Schemes,Sundaram Mutual Fund
119705,SBI COMMA Fund - DIRECT PLAN - Growth,Equity Scheme - Sectoral/ Thematic,Open Ended Schemes,SBI Mutual Fund
119707,SBI GILT FUND - DIRECT PLAN - GROWTH,Debt Scheme - Gilt Fund,Open Ended Schemes,SBI Mutual Fund
119709,SBI ESG Exclusionary Strategy Fund - Direct Plan -Growth,Equity Scheme - Sectoral/ Thematic,Open Ended Schemes,SBI Mutual Fund
119711,SBI MNC FUND - DIRECT PLAN -GROWTH,Equity Scheme - Sectoral/ Thematic,Open Ended Schemes,SBI Mutual Fund
119714,SBI Medium to Long Duration Fund-DIRECT PLAN -Growth,Debt Scheme - Medium to Long Duration Fund,Open Ended Schemes,SBI Mutual Fund
119716,SBI MIDCAP FUND - DIRECT PLAN - GROWTH,Equity Scheme - Mid Cap Fund,Open Ended Schemes,SBI Mutual Fund
119718,SBI Flexicap Fund - DIRECT PLAN - Growth Option,Equity Scheme - Flexi Cap Fund,Open Ended Schemes,SBI Mutual Fund
119719,SBI Children's Fund - Savings Plan - DIRECT PLAN - GROWTH,Solution Oriented Scheme - Children’s Fund,Open Ended Schemes,SBI Mutual Fund
119721,SBI LARGE & MIDCAP FUND -DIRECT PLAN -Growth,Equity Scheme - Large & Mid Cap Fund,Open Ended Schemes,SBI Mutual Fund
119723,SBI ELSS Tax Saver FUND - DIRECT PLAN -GROWTH,Equity Scheme - ELSS,Open Ended Schemes,SBI Mutual Fund
119727,SBI FOCUSED FUND - DIRECT PLAN -GROWTH,Equity Scheme - Focused Fund,Open Ended Schemes,SBI Mutual Fund
119732,SBI PSU Fund - DIRECT PLAN - GROWTH,Equity Scheme - Sectoral/ Thematic,Open Ended Schemes,SBI Mutual Fund
119735,Kotak Bond Fund - Growth - Direct,Debt Scheme - Medium to Long Duration Fund,Open Ended Schemes,Kotak Mahindra Mutual Fund
119739,Kotak Bond Short Term Plan-(Growth) - Direct,Debt Scheme - Short Duration Fund,Open Ended Schemes,Kotak Mahindra Mutual Fund
119741,Kotak Credit Risk Fund - Growth - Direct,Debt Scheme - Credit Risk Fund,Open Ended Schemes,Kotak Mahindra Mutual Fund
119746,Kotak Money Market Fund - (Growth) - Direct,Debt Scheme - Money Market Fund,Open Ended Schemes,Kotak Mahindra Mutual Fund
119750,Kotak Savings Fund-Growth - Direct,Debt Scheme - Ultra Short Duration Fund,Open Ended Schemes,Kotak Mahindra Mutual Fund
119755,Kotak Dynamic Bond Fund - Growth - Direct,Debt Scheme - Dynamic Bond,Open Ended Schemes,Kotak Mahindra Mutual Fund
119757,Kotak Gilt-Investment  Provident Fund and Trust-Growth - Direct,Debt Scheme - Gilt Fund,Open Ended Schemes,Kotak Mahindra Mutual Fund
119759,Kotak Gilt-Investment Regular-Growth - Direct,Debt Scheme - Gilt Fund,Open Ended Schemes,Kotak Mahindra Mutual Fund
119762,Kotak Gilt-Savings-Growth - Direct,Income,Open Ended Schemes,Kotak Mahindra Mutual Fund
119766,Kotak Liquid Fund - Direct Plan - Growth,Debt Scheme - Liquid Fund,Open Ended Schemes,Kotak Mahindra Mutual Fund
119769,Kotak Contra Fund - Direct Plan - Growth,Equity Scheme - Contra Fund,Open Ended Schemes,Kotak Mahindra Mutual Fund
119771,Kotak Arbitrage Fund - Direct Plan - Growth,Hybrid Scheme - Arbitrage Fund,Open Ended Schemes,Kotak Mahindra Mutual Fund
119773,Kotak ELSS Tax Saver Fund-Growth - Direct,Equity Scheme - ELSS,Open Ended Schemes,Kotak Mahindra Mutual Fund
119775,Kotak Midcap Fund - Direct Plan - Growth,Equity Scheme - Mid Cap Fund,Open Ended Schemes,Kotak Mahindra Mutual Fund
119777,Kotak Multi Asset Omni FOF - Direct Growth - Direct,Other Scheme - FoF Domestic,Open Ended Schemes,Kotak Mahindra Mutual Fund
119779,Kotak Global Emerging Market overseas Equity Omni FOF - Growth - Direct,Other Scheme - FoF Overseas,Open Ended Schemes,Kotak Mahindra Mutual Fund
119781,Kotak Gold Fund Growth - Direct,Other Scheme - FoF Domestic,Open Ended Schemes,Kotak Mahindra Mutual Fund
119783,SBI HEALTHCARE OPPORTUNITIES FUND - DIRECT PLAN -GROWTH,Equity Scheme - Sectoral/ Thematic,Open Ended Schemes,SBI Mutual Fund
119786,L&T Credit Risk Fund- Direct Plan - Growth,Debt Scheme - Credit Risk Fund,Open Ended Schemes,L&T Mutual Fund
119788,SBI GOLD FUND- DIRECT PLAN - GROWTH,Other Scheme - FoF Domestic,Open Ended Schemes,SBI Mutual Fund
119790,L&T Liquid Fund - Direct Plan -Growth,Debt Scheme - Liquid Fund,Open Ended Schemes,L&T Mutual Fund
119795,L&T Banking and PSU Debt Fund - Direct Plan - Growth,Debt Scheme - Banking and PSU Fund,Open Ended Schemes,L&T Mutual Fund
119798,SBI CREDIT RISK FUND - DIRECT PLAN -GROWTH,Debt Scheme - Credit Risk Fund,Open Ended Schemes,SBI Mutual Fund
119800,SBI Liquid Fund - DIRECT PLAN -Growth,Debt Scheme - Liquid Fund,Open Ended Schemes,SBI Mutual Fund
119802,L&T Equity Savings Fund - Direct Plan-Growth,Hybrid Scheme - Equity Savings,Open Ended Schemes,L&T Mutual Fund
119807,L&T Mid Cap Fund-Direct Plan-Growth,Equity Scheme - Mid Cap Fund,Open Ended Schemes,L&T Mutual Fund
119809,L&T Low Duration Fund-Direct Plan-Growth,Debt Scheme - Low Duration Fund,Open Ended Schemes,L&T Mutual Fund
119812,SBI LOW DURATION FUND - DIRECT PLAN - GROWTH,Debt Scheme - Low Duration Fund,Open Ended Schemes,SBI Mutual Fund
119816,SBI SHORT TERM DEBT FUND - DIRECT PLAN -GROWTH,Debt Scheme - Short Duration Fund,Open Ended Schemes,SBI Mutual Fund
119821,SBI  SAVINGS FUND - DIRECT PLAN - GROWTH,Debt Scheme - Money Market Fund,Open Ended Schemes,SBI Mutual Fund
119824,SBI MEDIUM DURATION FUND - DIRECT PLAN - GROWTH,Debt Scheme - Medium Duration Fund,Open Ended Schemes,SBI Mutual Fund
119827,SBI NIFTY INDEX FUND - DIRECT PLAN - GROWTH,Other Scheme - Index Funds,Open Ended Schemes,SBI Mutual Fund
119828,SBI ULTRA SHORT DURATION FUND - DIRECT PLAN - GROWTH,Debt Scheme - Ultra Short Duration Fund,Open Ended Schemes,SBI Mutual Fund
119833,SBI OVERNIGHT FUND - DIRECT PLAN - GROWTH,Debt Scheme - Overnight Fund,Open Ended Schemes,SBI Mutual Fund
119835,SBI CONTRA FUND - DIRECT PLAN - GROWTH,Equity Scheme - Contra Fund,Open Ended Schemes,SBI Mutual Fund
119839,SBI Conservative Hybrid Fund - Direct Plan - Growth,Hybrid Scheme - Conservative Hybrid Fund,Open Ended Schemes,SBI Mutual Fund
119843,SBI MULTI ASSET ALLOCATION FUND - DIRECT PLAN - GROWTH,Hybrid Scheme - Multi Asset Allocation,Open Ended Schemes,SBI Mutual Fund
119844,L&T Triple Ace Bond Fund - Direct Plan -Growth,Debt Scheme - Corporate Bond Fund,Open Ended Schemes,L&T Mutual Fund
119849,L&T Ultra Short Term Fund-Direct Plan - Growth,Debt Scheme - Ultra Short Duration Fund,Open Ended Schemes,L&T Mutual Fund
119852,L&T Conservative Hybrid Fund -Direct Plan- Growth,Hybrid Scheme - Conservative Hybrid Fund,Open Ended Schemes,L&T Mutual Fund
119856,L&T Short Term Bond Fund -Direct Plan- Growth,Debt Scheme - Short Duration Fund,Open Ended Schemes,L&T Mutual Fund
119859,MOSt 10 Year Gilt Fund - Direct Plan - Growth,Gilt,Open Ended Schemes,Motilal Oswal Mutual Fund
119861,Tata Liquid Fund- Direct Plan-Growth Option,Debt Scheme - Liquid Fund,Open Ended Schemes,Tata Mutual Fund
119863,Tata Treasury Advantage Fund - Direct Plan - Growth Option,Debt Scheme - Low Duration Fund,Open Ended Schemes,Tata Mutual Fund
119867,JPMorgan India Equity Fund - Direct Plan - Growth Option,Income,Open Ended Schemes,JPMorgan Mutual Fund
119869,JPMorgan India Mid and Small Cap Fund - Direct Plan - Growth Option,Income,Open Ended Schemes,JPMorgan Mutual Fund
119871,JPMorgan India Tax Advantage Fund - Direct Plan - Growth Option,Income,Open Ended Schemes,JPMorgan Mutual Fund
119872,JPMorgan Greater China Equity Off-shore Fund - Direct Plan - Growth Option,Income,Open Ended Schemes,JPMorgan Mutual Fund
119874,JPMorgan EEMEA Equity Off-shore Fund - Direct Plan - Growth Option,Income,Open Ended Schemes,JPMorgan Mutual Fund
119876,Tata Income Fund - Direct Plan - Growth Option,Debt Scheme - Medium to Long Duration Fund,Open Ended Schemes,Tata Mutual Fund
119878,JPMorgan ASEAN Equity Off-shore Fund - Direct Plan - Growth Option,Income,Open Ended Schemes,JPMorgan Mutual Fund
119883,JPMorgan India Active Bond Fund - Direct Plan - Growth Option,Income,Open Ended Schemes,JPMorgan Mutual Fund
119884,Tata Fixed Income Portfolio Fund - Scheme A1 - Direct Plan - Growth,Income,Open Ended Schemes,Tata Mutual Fund
119886,ING Core Equity Fund - Direct Plan - Growth Option,Income,Open Ended Schemes,ING Mutual Fund
119890,JPMorgan India Short Term Income Fund - Direct Plan -  Growth Option,Income,Open Ended Schemes,JPMorgan Mutual Fund
119893,BNP Paribas LARGE CAP Fund - Direct Plan - Growth Option,Equity Scheme - Large Cap Fund,Open Ended Schemes,BNP Paribas Mutual Fund
119895,Tata Fixed Income Portfolio Fund - Scheme A2 - Direct Plan - Growth,Income,Open Ended Schemes,Tata Mutual Fund
119897,ING Dividend Yield Fund - Direct Plan - Growth Option,Income,Open Ended Schemes,ING Mutual Fund
119899,Tata Fixed Income Portfolio Fund - Scheme A3 - Direct Plan - Growth,Income,Open Ended Schemes,Tata Mutual Fund
119905,JPMorgan India Liquid Fund - Direct Plan - Growth Option,Income,Open Ended Schemes,JPMorgan Mutual Fund
119909,ING Midcap Fund - Direct Plan - Growth Option,Income,Open Ended Schemes,ING Mutual Fund
119912,Tata Fixed Income Portfolio Fund - Scheme B2 - Direct Plan - Growth,Income,Open Ended Schemes,Tata Mutual Fund
119914,ING Large Cap Equity Fund - Direct Plan - Growth Option,Income,Open Ended Schemes,ING Mutual Fund
119916,ING Tax Savings Fund - Direct Plan - Growth Option,Income,Open Ended Schemes,ING Mutual Fund
119921,Tata Fixed Income Portfolio Fund - Scheme B3 - Direct Plan - Growth,Income,Open Ended Schemes,Tata Mutual Fund
119926,JPMorgan India Treasury Fund - Direct Plan - Growth Option,Income,Open Ended Schemes,JPMorgan Mutual Fund
119930,Tata Fixed Income Portfolio Fund - Scheme C2 - Direct Plan - Growth,Income,Open Ended Schemes,Tata Mutual Fund
119935,ING Liquid Fund - Super Institutional Plan - Direct Plan - Growth Option,Income,Open Ended Schemes,ING Mutual Fund
119936,Tata Fixed Income Portfolio Fund - Scheme C3 - Direct Plan - Growth,Income,Open Ended Schemes,Tata Mutual Fund
119939,ING Treasury Advantage Fund - Institutional Plan - Direct Plan - Growth Option,Income,Open Ended Schemes,ING Mutual Fund
119944,Tata Gilt Mid Term Fund - Direct Plan - Growth,Income,Open Ended Schemes,Tata Mutual Fund
119947,DHFL Pramerica Credit Opportunities Fund - Direct Plan- Growth Option,Income,Open Ended Schemes,DHFL Pramerica Mutual Fund
119949,Tata Short Term Bond Fund - Direct Plan - Growth Option,Debt Scheme - Short Duration Fund,Open Ended Schemes,Tata Mutual Fund
119952,Tata Floating Rate Fund - Long Term Plan - Direct Plan- Growth,Income,Open Ended Schemes,Tata Mutual Fund
119953,Tata Gilt Securities Fund- Direct Plan - Growth Option,Debt Scheme - Gilt Fund,Open Ended Schemes,Tata Mutual Fund
119955,Tata Gilt Short Maturity Fund - Direct Plan - Growth,Income,Open Ended Schemes,Tata Mutual Fund
119960,Tata Equity Savings Fund- Direct Plan- Growth Option,Hybrid Scheme - Equity Savings,Open Ended Schemes,Tata Mutual Fund
119964,ING Income Fund - Regular Plan - Direct Plan - Growth Option,Income,Open Ended Schemes,ING Mutual Fund
119966,ING Gilt Fund- Provident Fund -Dynamic Plan - Direct Plan - Growth Option,Income,Open Ended Schemes,ING Mutual Fund
119974,ING MIP Fund - Direct Plan - Growth Option,Income,Open Ended Schemes,ING Mutual Fund
119977,Tata MIP Plus Fund - Direct Plan - Growth,Income,Open Ended Schemes,Tata Mutual Fund
119979,ING Balanced Fund - Direct Plan - Growth Option,Income,Open Ended Schemes,ING Mutual Fund
119981,ING Short Term Income Fund - Direct Plan - Growth Option,Income,Open Ended Schemes,ING Mutual Fund
119984,BNP Paribas Corporate Bond Fund - Direct Plan - Growth Option,Debt Scheme - Corporate Bond Fund,Open Ended Schemes,BNP Paribas Mutual Fund
119988,BNP Paribas MULTI CAP Fund - Direct Plan - Growth Option,Equity Scheme - Multi Cap Fund,Open Ended Schemes,BNP Paribas Mutual Fund
119989,ING Asset Allocator Multi-Manager FoF Scheme - Direct Plan - Growth Option,Income,Open Ended Schemes,ING Mutual Fund
119992,BNP Paribas Flexi Debt Fund - Direct Plan - Growth Option,Debt Scheme - Dynamic Bond,Open Ended Schemes,BNP Paribas Mutual Fund
119998,ING Active Debt Multi-Manager FoF Scheme - Direct Plan - Growth Option,Income,Open Ended Schemes,ING Mutual Fund
120000,BNP Paribas Income And Gold Fund - Direct Plan - Growth Option,Income,Open Ended Schemes,BNP Paribas Mutual Fund
120002,BNP Paribas Mid Cap Fund - Direct Plan - Growth Option,Equity Scheme - Mid Cap Fund,Open Ended Schemes,BNP Paribas Mutual Fund
120003,ING Income Growth Multi Manager FoF Scheme - 15% Equity Plan -  Direct Plan - Option A - Growth Option,Income,Open Ended Schemes,ING Mutual Fund
120005,ING 5 Star Multi Manager FoF Scheme - Direct Plan - Growth Option,Income,Open Ended Schemes,ING Mutual Fund
120008,BNP Paribas LOW DURATION Fund - Direct Plan - Growth Option,Debt Scheme - Low Duration Fund,Open Ended Schemes,BNP Paribas Mutual Fund
120013,ING Global Commodities Fund - Direct plan - Growth Option,Income,Open Ended Schemes,ING Mutual Fund
120016,ING Multi Manager Equity Fund - Direct Plan - Option A -  Growth  Option,Income,Open Ended Schemes,ING Mutual Fund
120017,ING Global Real Estate Fund - Retail Plan - Direct Plan - Growth Option,Income,Open Ended Schemes,ING Mutual Fund
120019,ING Latin America Equity Fund - Direct Plan - Growth Option,Income,Open Ended Schemes,ING Mutual Fund
120022,ING Financial Planning Fund - Conservative Plan - Direct Plan - Growth Option,Income,Open Ended Schemes,ING Mutual Fund
120024,ING Financial Planning Fund - Prudent Plan - Direct Plan - Growth Option,Income,Open Ended Schemes,ING Mutual Fund
120025,ING Financial Planning Fund - Aggressive Plan - Direct Plan - Growth Option,Income,Open Ended Schemes,ING Mutual Fund
120027,ING Financial Planning Fund - Cautious Plan - Direct Plan - Growth Option,Income,Open Ended Schemes,ING Mutual Fund
120030,HSBC Large Cap Fund - Direct Growth,Equity Scheme - Large Cap Fund,Open Ended Schemes,HSBC Mutual Fund
120032,ING Income Growth Multi Manager FoF Scheme - 30% Equity Plan -Direct Plan - Option A -  Growth Option,Income,Open Ended Schemes,ING Mutual Fund
120034,HSBC Infrastructure Equity Fund - Growth Direct,Equity Scheme - Sectoral/ Thematic,Open Ended Schemes,HSBC Mutual Fund
120035,HSBC Brazil Fund - Growth Direct,Other Scheme - FoF Overseas,Open Ended Schemes,HSBC Mutual Fund
120038,HSBC Liquid Fund -  Growth Direct,Debt Scheme - Liquid Fund,Open Ended Schemes,HSBC Mutual Fund
120042,HSBC Dynamic Asset Allocation Fund-Growth Direct,Hybrid Scheme - Dynamic Asset Allocation or Balanced Advantage,Open Ended Schemes,HSBC Mutual Fund
120043,HSBC Global Emerging Market Fund - Growth Direct,Other Scheme - FoF Overseas,Open Ended Schemes,HSBC Mutual Fund
120046,HSBC Flexi Cap Fund - Direct Growth,Equity Scheme - Flexi Cap Fund,Open Ended Schemes,HSBC Mutual Fund
120048,HSBC Flexi Debt Fund - Growth Direct,Debt Scheme - Dynamic Bond,Open Ended Schemes,HSBC Mutual Fund
120054,HSBC Floating Rate Fund - Long Term Plan - Growth Direct,Income,Open Ended Schemes,HSBC Mutual Fund
120057,HSBC Gilt Fund - Growth Direct,Income,Open Ended Schemes,HSBC Mutual Fund
120059,HSBC Medium to Long Duration Fund - Direct Growth,Debt Scheme - Medium to Long Duration Fund,Open Ended Schemes,HSBC Mutual Fund
120062,HSBC Short Duration Fund - Growth Direct,Debt Scheme - Short Duration Fund,Open Ended Schemes,HSBC Mutual Fund
120066,HSBC Low Duration Fund - Growth Direct,Debt Scheme - Low Duration Fund,Open Ended Schemes,HSBC Mutual Fund
120069,HSBC Small Cap Equity Fund - Growth Direct,Equity Scheme - Small Cap Fund,Open Ended Schemes,HSBC Mutual Fund
120072,HSBC MIP-Regular Plan-Growth Direct,Income,Open Ended Schemes,HSBC Mutual Fund
120073,HSBC Conservative Hybrid Fund - Direct Growth,Hybrid Scheme - Conservative Hybrid Fund,Open Ended Schemes,HSBC Mutual Fund
120077,HSBC - Small Cap Fund - Growth Direct,Income,Open Ended Schemes,HSBC Mutual Fund
120079,HSBC Tax Saver Equity Fund - Growth Direct,Equity Scheme - ELSS,Open Ended Schemes,HSBC Mutual Fund
120081,HSBC Dividend Yield Equity Fund-Growth Direct,Income,Open Ended Schemes,HSBC Mutual Fund
120082,BNP Paribas Conservative Hybrid Fund - Direct Plan - Growth Option,Hybrid Scheme - Conservative Hybrid Fund,Open Ended Schemes,BNP Paribas Mutual Fund
120084,PGIM India Dynamic Bond Fund - Direct Plan-Growth Option,Debt Scheme - Dynamic Bond,Open Ended Schemes,PGIM India Mutual Fund
120088,DHFL Pramerica Dynamic Asset Allocation Fund - Direct Plan-Growth Option,Income,Open Ended Schemes,DHFL Pramerica Mutual Fund
120095,HDFC FMP 1919D January 2013 (1) Direct Plan Growth Option,Income,Close Ended Schemes,HDFC Mutual Fund
120098,DHFL Pramerica Dynamic Monthly Income Fund - Direct Plan-Growth Option,Income,Open Ended Schemes,DHFL Pramerica Mutual Fund
120100,DHFL Pramerica Large Cap Equity Fund - Direct Plan-Growth Option,Income,Open Ended Schemes,DHFL Pramerica Mutual Fund
120104,DHFL Pramerica Liquid Fund - Direct Plan-Growth Option,Income,Open Ended Schemes,DHFL Pramerica Mutual Fund
120108,DHFL PRAMERICA SHORT TERM FLOATING RATE FUND - DIRECT PLAN - GROWTH OPTION,Income,Open Ended Schemes,DHFL Pramerica Mutual Fund
120113,DHFL Pramerica Short Term Income Fund - Direct Plan-Growth Option,Income,Open Ended Schemes,DHFL Pramerica Mutual Fund
120119,DHFL Pramerica Treasury Advantage Fund - Direct Plan-Growth Option,Income,Open Ended Schemes,DHFL Pramerica Mutual Fund
120123,BNP Paribas LIQUID Fund - Direct Plan - Growth Option,Income,Open Ended Schemes,BNP Paribas Mutual Fund
120129,DHFL Pramerica Ultra Short Term Bond Fund - Direct Plan-Growth Option,Income,Open Ended Schemes,DHFL Pramerica Mutual Fund
120131,BNP Paribas Short Term Fund - Direct Plan - Growth Option,Debt Scheme - Short Duration Fund,Open Ended Schemes,BNP Paribas Mutual Fund
120137,SBI CONSTANT MATURITY 10 YEAR GILT FUND - DIRECT PLAN - GROWTH,Debt Scheme - Gilt Fund with 10 year constant duration,Open Ended Schemes,SBI Mutual Fund
120140,HDFC FMP 462D January 2013 (1) Direct Plan Growth Option,Income,Close Ended Schemes,HDFC Mutual Fund
120147,BNP Paribas Long Term Equity Fund - Direct Plan - Growth Option,Equity Scheme - ELSS,Open Ended Schemes,BNP Paribas Mutual Fund
120150,Reliance Fixed Horizon Fund - XXII - Series 39 - Direct Plan - Growth Option,Income,Close Ended Schemes,Reliance Mutual Fund
120152,Kotak Large Cap  Fund - Growth - Direct,Equity Scheme - Large Cap Fund,Open Ended Schemes,Kotak Mahindra Mutual Fund
120154,Kotak Debt Hybrid - Growth - Direct,Hybrid Scheme - Conservative Hybrid Fund,Open Ended Schemes,Kotak Mahindra Mutual Fund
120158,Kotak Large & Midcap Fund - Direct- Growth,Equity Scheme - Large & Mid Cap Fund,Open Ended Schemes,Kotak Mahindra Mutual Fund
120160,Kotak Multi Asset Allocation Fund-Growth - Direct,Half Yearly Dividend,125254;INF174K01YR7;INF174K01YS5;Kotak Bond Short Term Plan-,Kotak Mahindra Mutual Fund
120164,Kotak-Small Cap Fund - Growth - Direct,Equity Scheme - Small Cap Fund,Open Ended Schemes,Kotak Mahindra Mutual Fund
120166,Kotak Flexicap Fund - Growth - Direct,Equity Scheme - Flexi Cap Fund,Open Ended Schemes,Kotak Mahindra Mutual Fund
120168,Kotak Quarterly Interval Plan Series 1 - Growth - Direct,Income,Open Ended Schemes,Kotak Mahindra Mutual Fund
120170,Kotak Quarterly Interval Plan Series 2 - Growth - Direct,Income,Open Ended Schemes,Kotak Mahindra Mutual Fund
120172,Kotak Quarterly Interval Plan Series 3 - Growth - Direct,Income,Open Ended Schemes,Kotak Mahindra Mutual Fund
120174,Kotak Quarterly Interval Plan Series 4 - Growth - Direct,Income,Open Ended Schemes,Kotak Mahindra Mutual Fund
120176,Kotak Quarterly Interval Plan Series 5-Growth - Direct,Income,Open Ended Schemes,Kotak Mahindra Mutual Fund
120181,IDFC FTP SERIES - 7 - Direct Plan - Growth,Income,Close Ended Schemes,IDFC Mutual Fund
120186,ICICI Prudential US Bluechip Equity Fund - Direct Plan -  Growth,Equity Scheme - Sectoral/ Thematic,Open Ended Schemes,ICICI Prudential Mutual Fund
120197,ICICI Prudential Liquid Fund - Direct Plan - Growth,Debt Scheme - Liquid Fund,Open Ended Schemes,ICICI Prudential Mutual Fund
120208,Birla Sun Life Fixed Term Plan-Series GF (539 days)-Direct Plan-Growth,Income,Close Ended Schemes,Aditya Birla Sun Life Mutual Fund
120211,ICICI Prudential Money Market Fund Option - Direct Plan -  Growth,Debt Scheme - Money Market Fund,Open Ended Schemes,ICICI Prudential Mutual Fund
120221,Aditya Birla Sun Life Interval Income Fund - Annual Plan I-Direct Plan-Growth,1100 days,144748;INF209KB1VS8;-;Aditya Birla Sun Life Fixed Term Plan - Series QY,Aditya Birla Sun Life Mutual Fund
120225,Kotak Quarterly Interval Plan Series 6 - Growth - Direct,Income,Open Ended Schemes,Kotak Mahindra Mutual Fund
120228,Kotak Quarterly Interval Plan Series 7 - Growth - Direct,Income,Open Ended Schemes,Kotak Mahindra Mutual Fund
120230,Kotak Quarterly Interval Plan Series 8 - Growth - Direct,Income,Open Ended Schemes,Kotak Mahindra Mutual Fund
120233,Kotak Quarterly Interval Plan Series 9 - Growth - Direct,Income,Open Ended Schemes,Kotak Mahindra Mutual Fund
120238,Kotak Quarterly Interval Plan Series 10 - Growth - Direct,Income,Open Ended Schemes,Kotak Mahindra Mutual Fund
120242,ICICI Prudential Multi Sector Passive FOF - Direct Plan - Growth,Other Scheme - FoF Domestic,Open Ended Schemes,ICICI Prudential Mutual Fund
120244,ICICI Prudential Banking and Financial Services Fund - Direct Plan -  Growth,Equity Scheme - Sectoral/ Thematic,Open Ended Schemes,ICICI Prudential Mutual Fund
120246,Sahara Income Fund-Growth-Direct,Income,Open Ended Schemes,Sahara Mutual Fund
120249,LIC MF Liquid Fund-Direct Plan-Growth,Debt Scheme - Liquid Fund,Open Ended Schemes,LIC Mutual Fund
120251,ICICI Prudential Equity & Debt Fund - Direct Plan - Growth,Hybrid Scheme - Aggressive Hybrid Fund,Open Ended Schemes,ICICI Prudential Mutual Fund
120256,ICICI Prudential Banking and PSU Debt Fund - Direct Plan -  Growth,Debt Scheme - Banking and PSU Fund,Open Ended Schemes,ICICI Prudential Mutual Fund
120261,LIC MF Aggressive Hybrid Fund-Direct Plan-Growth,Hybrid Scheme - Aggressive Hybrid Fund,Open Ended Schemes,LIC Mutual Fund
120262,Sahara Liquid Fund-Fixed Pricing - Direct -Growth option,Liquid,Open Ended Schemes,Sahara Mutual Fund
120264,LIC MF Flexi Cap Fund-Direct Plan-Growth,Equity Scheme - Flexi Cap Fund,Open Ended Schemes,LIC Mutual Fund
120267,LIC MF Large Cap Fund-Direct Plan-Growth,Equity Scheme - Large Cap Fund,Open Ended Schemes,LIC Mutual Fund
120270,LIC MF ELSS Tax Saver-Direct Plan-Growth,Equity Scheme - ELSS,Open Ended Schemes,LIC Mutual Fund
120276,LIC MF Conservative Hybrid Fund-Direct Plan-Growth,Hybrid Scheme - Conservative Hybrid Fund,Open Ended Schemes,LIC Mutual Fund
120279,LIC MF Medium to Long Duration Fund-Direct Plan-Growth,Debt Scheme - Medium to Long Duration Fund,Open Ended Schemes,LIC Mutual Fund
120280,Sahara Liquid Fund-Variable Pricing -Direct - Growth option,Liquid,Open Ended Schemes,Sahara Mutual Fund
120282,LIC MF Gilt Fund-Direct Plan-Growth,Debt Scheme - Gilt Fund,Open Ended Schemes,LIC Mutual Fund
120284,Sahara Gilt Fund-Growth - Direct,Income,Open Ended Schemes,Sahara Mutual Fund
120285,LIC MF Children's Fund-Direct Plan-Growth,Solution Oriented Scheme - Children’s Fund,Open Ended Schemes,LIC Mutual Fund
120289,Sahara Growth Fund-Growth- Direct,Growth,Open Ended Schemes,Sahara Mutual Fund
120291,SaharaTax Gain-Growth- direct,ELSS,Open Ended Schemes,Sahara Mutual Fund
120294,Religare Invesco AGILE Fund - Direct Plan - Growth Option,Income,Open Ended Schemes,Invesco Mutual Fund
120297,Sahara Midcap Fund-Growth Option - Direct,Growth,Open Ended Schemes,Sahara Mutual Fund
120299,UTI MMF - Direct Plan - Growth Option,Debt Scheme - Money Market Fund,Open Ended Schemes,UTI Mutual Fund
120300,ICICI Prudential Blended Plan B - Direct Plan -  Growth Option - I,Income,Open Ended Schemes,ICICI Prudential Mutual Fund
120304,UTI-  Liquid Cash Plan - Direct Plan - Growth Option,Debt Scheme - Liquid Fund,Open Ended Schemes,UTI Mutual Fund
120306,LIC  MF Index Fund-Sensex Advantage-Direct Plan Growth Option,Income,Open Ended Schemes,LIC Mutual Fund
120307,LIC MF Nifty 50 Index Fund-Direct Plan-Growth,Other Scheme - Index Funds,Open Ended Schemes,LIC Mutual Fund
120308,LIC MF BSE Sensex Index Fund-Direct Plan-Growth,Other Scheme - Index Funds,Open Ended Schemes,LIC Mutual Fund
120310,ICICI Prudential Blended Plan A-Direct Plan -  Growth,FV Rs 32.161,101281;INF179K01LA9;-;HDFC Index FundSensex Plan,ICICI Prudential Mutual Fund
120313,ICICI Prudential Income plus Arbitrage Omni FOF - Direct Plan - Growth,Other Scheme - FoF Domestic,Open Ended Schemes,ICICI Prudential Mutual Fund
120315,LIC MF Low Duration Fund-Direct Plan-Growth,Debt Scheme - Low Duration Fund,Open Ended Schemes,LIC Mutual Fund
120320,LIC NOMURA MF Floating Rate Fund - Short Term Plan - Direct Plan Growth option,Income,Open Ended Schemes,LIC Mutual Fund
120323,ICICI Prudential Value Fund (erstwhile Value Discovery Fund) - Direct Plan - Growth,Equity Scheme - Value Fund,Open Ended Schemes,ICICI Prudential Mutual Fund
120324,LIC NOMURA MF Floater MIP - Direct Plan-Growth Option,Income,Open Ended Schemes,LIC Mutual Fund
120329,LIC NOMURA MF Opportunities Fund-Direct Plan Growth option,Income,Open Ended Schemes,LIC Mutual Fund
120331,LIC NOMURA MF INDIA VISION FUND - Direct Plan GROWTH OPTION,Income,Open Ended Schemes,LIC Mutual Fund
120333,Invesco India Balanced Advantage Fund - Direct Plan - Growth,Hybrid Scheme - Dynamic Asset Allocation or Balanced Advantage,Open Ended Schemes,Invesco Mutual Fund
120334,ICICI Prudential Multi-Asset Fund - Direct Plan - Growth,Hybrid Scheme - Multi Asset Allocation,Open Ended Schemes,ICICI Prudential Mutual Fund
120338,LIC MF Banking & PSU Fund-Direct Plan-Growth,Debt Scheme - Banking and PSU Fund,Open Ended Schemes,LIC Mutual Fund
120340,Sahara Wealth Plus Fund-Fixed Pricing Option-Direct-Growth,Growth,Open Ended Schemes,Sahara Mutual Fund
120343,LIC NOMURA MF SYSTEMATIC ASSET ALLOCATION FUND - Direct Plan GROWTH OPTION,Income,Open Ended Schemes,LIC Mutual Fund
120345,Sahara Wealth Plus Fund-Variable Pricing Option-Direct-Growth,Growth,Open Ended Schemes,Sahara Mutual Fund
120347,LIC NOMURA MF TOP 100 FUND - Direct Plan GROWTH OPTION,Income,Open Ended Schemes,LIC Mutual Fund
120348,Invesco India Contra Fund - Direct Plan - Growth,Equity Scheme - Contra Fund,Open Ended Schemes,Invesco Mutual Fund
120351,LIC MF Infrastructure Fund-Direct Plan-Growth,Equity Scheme - Sectoral/ Thematic,Open Ended Schemes,LIC Mutual Fund
120353,Sahara Infrastructure Fund ---FIXED PRICING OPTION-Direct-Growth,Growth,Open Ended Schemes,Sahara Mutual Fund
120355,Sahara Infrastructure Fund ---VARIABLE PRICING OPTION-Direct-Growth,Growth,Open Ended Schemes,Sahara Mutual Fund
120357,Invesco India Large & Mid Cap Fund - Direct Plan - Growth,Equity Scheme - Large & Mid Cap Fund,Open Ended Schemes,Invesco Mutual Fund
120359,LIC MF Interval Fund Monthly Plan-Series 1-Direct Plan-Growth,Income,Interval Fund Schemes,LIC Mutual Fund
120361,Sahara R.E.A.L Fund - Growth  Fund- Direct,Growth,Open Ended Schemes,Sahara Mutual Fund
120363,LIC MF Interval Fund Quarterly Plan-Series 1-Direct Plan-Growth,Income,Interval Fund Schemes,LIC Mutual Fund
120364,ICICI Prudential Equity Arbitrage Fund - Direct Plan - Growth,Hybrid Scheme - Arbitrage Fund,Open Ended Schemes,ICICI Prudential Mutual Fund
120366,LIC MF Interval Fund Annual Plan-Series 1-Direct Plan-Growth,Income,Interval Fund Schemes,LIC Mutual Fund
120368,Sahara Classic Fund- Growth Option- Direct,Income,Open Ended Schemes,Sahara Mutual Fund
120371,Sahara Power & Natural resources Fund- Growth - Direct,Growth,Open Ended Schemes,Sahara Mutual Fund
120372,LIC MF Interval Fund Quarterly Plan-Series 2-Direct Plan-Growth,Income,Interval Fund Schemes,LIC Mutual Fund
120373,SAHARA BANKING & FINANCIAL SERVICES FUND- GROWTH - Direct,Growth,Open Ended Schemes,Sahara Mutual Fund
120377,ICICI Prudential Balanced Advantage Fund - Direct Plan -  Growth,Hybrid Scheme - Dynamic Asset Allocation or Balanced Advantage,Open Ended Schemes,ICICI Prudential Mutual Fund
120379,SAHARA SHORT TERM BOND FUND-GROWTH- Direct,Income,Open Ended Schemes,Sahara Mutual Fund
120381,ICICI Prudential MidCap Fund - Direct Plan -  Growth,Equity Scheme - Mid Cap Fund,Open Ended Schemes,ICICI Prudential Mutual Fund
120382,Sahara Super 20 Fund - Growth - Direct,Growth,Open Ended Schemes,Sahara Mutual Fund
120385,Invesco India Financial Services Fund - Direct Plan - Growth,Equity Scheme - Sectoral/ Thematic,Open Ended Schemes,Invesco Mutual Fund
120386,Sahara Star Value Fund-Growth - Direct,Growth,Open Ended Schemes,Sahara Mutual Fund
120389,Axis Liquid Fund - Direct Plan - Growth Option,Debt Scheme - Liquid Fund,Open Ended Schemes,Axis Mutual Fund
120392,Invesco India Largecap Fund - Direct Plan - Growth,Equity Scheme - Large Cap Fund,Open Ended Schemes,Invesco Mutual Fund
120395,Invesco India PSU Equity Fund - Direct Plan - Growth,Equity Scheme - Sectoral/ Thematic,Open Ended Schemes,Invesco Mutual Fund
120398,ICICI Prudential Savings Fund - Direct Plan - Growth,Debt Scheme - Low Duration Fund,Open Ended Schemes,ICICI Prudential Mutual Fund
120401,Invesco India Arbitrage Fund - Direct Plan - Growth Option,Hybrid Scheme - Arbitrage Fund,Open Ended Schemes,Invesco Mutual Fund
120403,Invesco India Midcap Fund - Direct Plan - Growth Option,Equity Scheme - Mid Cap Fund,Open Ended Schemes,Invesco Mutual Fund
120405,Invesco India Infrastructure Fund - Direct Plan - Growth Option,Equity Scheme - Sectoral/ Thematic,Open Ended Schemes,Invesco Mutual Fund
120406,JM Liquid Fund (Direct) - Growth Option,Debt Scheme - Liquid Fund,Open Ended Schemes,JM Financial Mutual Fund
120413,Invesco India Multicap Fund - Direct Plan - Growth Option,Equity Scheme - Multi Cap Fund,Open Ended Schemes,Invesco Mutual Fund
120415,JM Floater Short Term Fund (Direct) - Growth Option,Liquid,Open Ended Schemes,JM Financial Mutual Fund
120416,Invesco India ELSS Tax Saver Fund - Direct Plan - Growth,Equity Scheme - ELSS,Open Ended Schemes,Invesco Mutual Fund
120421,JM G-Sec Fund - (Direct) - Growth Option,Debt Scheme - Gilt Fund,Open Ended Schemes,JM Financial Mutual Fund
120425,ICICI Prudential Floating Interest Fund - Direct Plan - Growth,Debt Scheme - Floater Fund,Open Ended Schemes,ICICI Prudential Mutual Fund
120430,JM Medium to Long Duration Fund (Direct) - Growth Option,Debt Scheme - Medium to Long Duration Fund,Open Ended Schemes,JM Financial Mutual Fund
120435,JM Dynamic Bond Fund - (Direct) - Growth Option,Debt Scheme - Dynamic Bond,Open Ended Schemes,JM Financial Mutual Fund
120438,Axis Banking & PSU Debt Fund - Direct Plan - Growth Option,Debt Scheme - Banking and PSU Fund,Open Ended Schemes,Axis Mutual Fund
120444,Invesco India Banking and PSU Fund - Direct Plan -  Growth Option,Debt Scheme - Banking and PSU Fund,Open Ended Schemes,Invesco Mutual Fund
120446,JM MIP Fund (Direct) - Growth Option,Income,Open Ended Schemes,JM Financial Mutual Fund
120447,Axis Gilt Fund - Direct Plan - Growth Option,Debt Scheme - Gilt Fund,Open Ended Schemes,Axis Mutual Fund
120451,Axis Dynamic Bond Fund - Direct Plan - Growth Option,Debt Scheme - Dynamic Bond,Open Ended Schemes,Axis Mutual Fund
120458,JM Ultra Short Duration Fund - (Direct) - Growth Option,Debt Scheme - Ultra Short Duration Fund,Open Ended Schemes,JM Financial Mutual Fund
120461,JM Money Manager Fund - Super Plus Plan (Direct) - Growth Option,Income,Open Ended Schemes,JM Financial Mutual Fund
120463,JM Money Manager Fund - Super Plan (Direct) - Growth Option,Income,Open Ended Schemes,JM Financial Mutual Fund
120465,Axis Large Cap Fund - Direct Plan - Growth,Equity Scheme - Large Cap Fund,Open Ended Schemes,Axis Mutual Fund
120468,Axis Focused Fund - Direct Plan - Growth Option,Equity Scheme - Focused Fund,Open Ended Schemes,Axis Mutual Fund
120471,JM Short Term Fund (Direct) - Growth Option,Debt Scheme - Short Duration Fund,Open Ended Schemes,JM Financial Mutual Fund
120473,Axis Gold Fund - Direct Plan - Growth option,Other Scheme - FoF Domestic,Open Ended Schemes,Axis Mutual Fund
120475,Axis Strategic Bond Fund - Direct Plan - Growth Option,Debt Scheme - Medium Duration Fund,Open Ended Schemes,Axis Mutual Fund
120480,Axis Conservative Hybrid Fund - Direct Plan - Growth Option,Hybrid Scheme - Conservative Hybrid Fund,Open Ended Schemes,Axis Mutual Fund
120482,JM Arbitrage Fund (Direct) - Growth Option,Hybrid Scheme - Arbitrage Fund,Open Ended Schemes,JM Financial Mutual Fund
120484,JM Aggressive Hybrid Fund (Direct) - Growth Option,Hybrid Scheme - Aggressive Hybrid Fund,Open Ended Schemes,JM Financial Mutual Fund
120486,JM Value Fund (Direct) - Growth Option,Equity Scheme - Value Fund,Open Ended Schemes,JM Financial Mutual Fund
120488,JM Focused Fund (Direct)  - Growth Option,Equity Scheme - Focused Fund,Open Ended Schemes,JM Financial Mutual Fund
120490,JM Large Cap Fund (Direct) - Growth Option,Equity Scheme - Large Cap Fund,Open Ended Schemes,JM Financial Mutual Fund
120492,JM Flexicap Fund (Direct) - Growth Option,Equity Scheme - Flexi Cap Fund,Open Ended Schemes,JM Financial Mutual Fund
120494,JM ELSS Tax Saver Fund (Direct) - Growth Option,Equity Scheme - ELSS,Open Ended Schemes,JM Financial Mutual Fund
120497,Invesco India Corporate Bond Fund - Direct Plan - Growth,Debt Scheme - Corporate Bond Fund,Open Ended Schemes,Invesco Mutual Fund
120503,Axis ELSS Tax Saver Fund - Direct Plan - Growth Option,Equity Scheme - ELSS,Open Ended Schemes,Axis Mutual Fund
120505,Axis Midcap Fund - Direct Plan - Growth,Equity Scheme - Mid Cap Fund,Open Ended Schemes,Axis Mutual Fund
120507,Invesco India Money Market Fund - Direct Plan - Growth,Debt Scheme - Money Market Fund,Open Ended Schemes,Invesco Mutual Fund
120510,Axis Short Duration Fund - Direct Plan - Growth Option,Debt Scheme - Short Duration Fund,Open Ended Schemes,Axis Mutual Fund
120513,Axis Treasury Advantage Fund - Direct Plan - Growth Option,Debt Scheme - Low Duration Fund,Open Ended Schemes,Axis Mutual Fund
120517,Aditya Birla Sun Life Equity Hybrid'95 Fund - Direct Plan-Growth,Hybrid Scheme - Aggressive Hybrid Fund,Open Ended Schemes,Aditya Birla Sun Life Mutual Fund
120520,Invesco India Gilt Fund - Direct  Plan - Growth,Debt Scheme - Gilt Fund,Open Ended Schemes,Invesco Mutual Fund
120524,Axis Multi Asset Allocation Fund - Direct Plan - Growth Option,Hybrid Scheme - Multi Asset Allocation,Open Ended Schemes,Axis Mutual Fund
120525,Religare Invesco GILT Fund - Short Duration Plan - Direct Plan - Growth,Income,Open Ended Schemes,Invesco Mutual Fund
120529,Aditya Birla Sun Life Buy India Fund - Growth - Direct Plan,Income,Open Ended Schemes,Aditya Birla Sun Life Mutual Fund
120531,Invesco India Gold ETF Fund of Fund - Direct Plan - Growth,Other Scheme - FoF Domestic,Open Ended Schemes,Invesco Mutual Fund
120533,Aditya Birla Sun Life Banking & PSU Debt Fund - Growth - Direct Plan,Income,Open Ended Schemes,Aditya Birla Sun Life Mutual Fund
120537,Invesco India Liquid Fund - Direct Plan - Growth,Debt Scheme - Liquid Fund,Open Ended Schemes,Invesco Mutual Fund
120539,Aditya Birla Sun Life Digital India Fund - Growth - Direct Plan,Equity Scheme - Sectoral/ Thematic,Open Ended Schemes,Aditya Birla Sun Life Mutual Fund
120541,Invesco India Ultra Short Duration Fund - Direct Plan - Growth,Debt Scheme - Ultra Short Duration Fund,Open Ended Schemes,Invesco Mutual Fund
120546,Aditya Birla Sun Life Gold Fund - Growth - Direct Plan,Other Scheme - FoF Domestic,Open Ended Schemes,Aditya Birla Sun Life Mutual Fund
120548,Aditya Birla Sun Life MIP II - Savings 5 Plan - Monthly Growth /Payment - Direct Plan,Income,Open Ended Schemes,Aditya Birla Sun Life Mutual Fund
120552,Religare Invesco Monthly Income Plan - Direct Plan - Growth Option,Income,Open Ended Schemes,Invesco Mutual Fund
120554,Invesco India Regular Savings Fund - Direct Plan  - Growth,Hybrid Scheme - Conservative Hybrid Fund,Open Ended Schemes,Invesco Mutual Fund
120557,Religare Invesco Overnight Fund - Direct Plan - Growth,Income,Open Ended Schemes,Invesco Mutual Fund
120560,Invesco India Short Duration Fund - Direct Plan - Growth,Debt Scheme - Short Duration Fund,Open Ended Schemes,Invesco Mutual Fund
120564,Aditya Birla Sun Life Flexi Cap Fund - Growth - Direct Plan,Equity Scheme - Flexi Cap Fund,Open Ended Schemes,Aditya Birla Sun Life Mutual Fund
120570,Invesco India Low Duration Fund - Direct Plan - Growth,Debt Scheme - Low Duration Fund,Open Ended Schemes,Invesco Mutual Fund
120572,Aditya Birla Sun Life Monthly Income - Growth - Direct Plan,Income,Open Ended Schemes,Aditya Birla Sun Life Mutual Fund
120575,SBI CONSUMPTION OPPORTUNITIES FUND - DIRECT PLAN - GROWTH,Equity Scheme - Sectoral/ Thematic,Open Ended Schemes,SBI Mutual Fund
120578,SBI TECHNOLOGY OPPORTUNITIES FUND - DIRECT PLAN - GROWTH,Equity Scheme - Sectoral/ Thematic,Open Ended Schemes,SBI Mutual Fund
120582,ICICI Prudential Dynamic Bond Fund - Direct Plan -  Growth,Income,Open Ended Schemes,ICICI Prudential Mutual Fund
120586,ICICI Prudential Large Cap Fund (erstwhile Bluechip Fund) - Direct Plan - Growth,Equity Scheme - Large Cap Fund,Open Ended Schemes,ICICI Prudential Mutual Fund
120587,ICICI Prudential FMCG Fund - Direct Plan -  Growth,Equity Scheme - Sectoral/ Thematic,Open Ended Schemes,ICICI Prudential Mutual Fund
120590,ICICI Prudential Gilt Fund - Direct Plan - Growth,Debt Scheme - Gilt Fund,Open Ended Schemes,ICICI Prudential Mutual Fund
120591,ICICI Prudential Smallcap Fund - Direct Plan - Growth,Equity Scheme - Small Cap Fund,Open Ended Schemes,ICICI Prudential Mutual Fund
120592,ICICI Prudential ELSS Tax Saver Fund - Direct Plan - Growth,Equity Scheme - ELSS,Open Ended Schemes,ICICI Prudential Mutual Fund
120594,ICICI Prudential Technology Fund - Direct Plan -  Growth,Equity Scheme - Sectoral/ Thematic,Open Ended Schemes,ICICI Prudential Mutual Fund
120596,ICICI Prudential Large & Mid Cap Fund - Direct Plan - Growth,Equity Scheme - Large & Mid Cap Fund,Open Ended Schemes,ICICI Prudential Mutual Fund
120599,ICICI Prudential Multicap Fund - Direct Plan -  Growth,Equity Scheme - Multi Cap Fund,Open Ended Schemes,ICICI Prudential Mutual Fund
120603,ICICI Prudential All Seasons Bond Fund - Direct Plan - Growth,Debt Scheme - Dynamic Bond,Open Ended Schemes,ICICI Prudential Mutual Fund
120605,ICICI Prudential Gilt Fund Investment Plan PF Option - Direct Plan -Growth Option,Gilt,Open Ended Schemes,ICICI Prudential Mutual Fund
120608,ICICI Prudential Short Term Gilt Fund - Direct Plan -  Growth,Direct,119341;INF955L01AD7;-;BARODA PIONEER GILT FUND - Plan B,ICICI Prudential Mutual Fund
120611,ICICI Prudential Gilt Fund Treasury Plan PF Option - Direct Plan -Growth Option,Gilt,Open Ended Schemes,ICICI Prudential Mutual Fund
120616,ICICI Prudential Regular Savings Fund - Direct Plan - Growth,Hybrid Scheme - Conservative Hybrid Fund,Open Ended Schemes,ICICI Prudential Mutual Fund
120619,ICICI Prudential Bond Fund - Direct Plan - Growth,Debt Scheme - Medium to Long Duration Fund,Open Ended Schemes,ICICI Prudential Mutual Fund
120621,ICICI Prudential Infrastructure Fund - Direct Plan -  Growth,Equity Scheme - Sectoral/ Thematic,Open Ended Schemes,ICICI Prudential Mutual Fund
120623,ICICI Prudential Interval Fund IV Quarterly Interval Plan B - Direct Plan -  Growth,Income,Open Ended Schemes,ICICI Prudential Mutual Fund
120625,ICICI Prudential Interval Fund Annual Interval Plan I - Direct Plan -  Growth,Income,Open Ended Schemes,ICICI Prudential Mutual Fund
120627,ICICI Prudential Interval Fund Annual Interval Plan II - Direct Plan -  Growth,Income,Open Ended Schemes,ICICI Prudential Mutual Fund
120629,ICICI Prudential Interval Fund Annual Interval Plan III - Direct Plan -  Growth,Income,Open Ended Schemes,ICICI Prudential Mutual Fund
120631,ICICI Prudential Interval Fund Annual Interval Plan IV - Direct Plan -  Growth,Income,Open Ended Schemes,ICICI Prudential Mutual Fund
120638,ICICI Prudential Interval Fund Quarterly Interval Plan 1 - Direct Plan -  Growth,Income,Open Ended Schemes,ICICI Prudential Mutual Fund
120639,ICICI Prudential Interval Fund II Quarterly Interval - Direct Plan -  Growth,Income,Open Ended Schemes,ICICI Prudential Mutual Fund
120642,ICICI Prudential Interval Fund II Quarterly Interval Plan A - Direct Plan -  Growth,Income,Open Ended Schemes,ICICI Prudential Mutual Fund
120643,ICICI Prudential Interval Fund II Quarterly Interval Plan B - Direct Plan -  Growth,Income,Open Ended Schemes,ICICI Prudential Mutual Fund
120646,ICICI Prudential Interval Fund II Quarterly Interval Plan C - Direct Plan -  Growth,Income,Open Ended Schemes,ICICI Prudential Mutual Fund
120649,ICICI Prudential Interval Fund II Quarterly Interval Plan D - Direct Plan - Growth,Income,Open Ended Schemes,ICICI Prudential Mutual Fund
120652,ICICI Prudential Interval Fund II Quarterly Interval Plan F - Direct Plan -  Growth,Income,Open Ended Schemes,ICICI Prudential Mutual Fund
120655,ICICI Prudential Interval Fund III Quarterly Interval - Direct Plan -  Growth,Income,Open Ended Schemes,ICICI Prudential Mutual Fund
